
CH582M.elf:     file format elf32-littleriscv
CH582M.elf
architecture: riscv:rv32, flags 0x00000112:
EXEC_P, HAS_SYMS, D_PAGED
start address 0x00000000

Program Header:
    LOAD off    0x00001000 vaddr 0x00000000 paddr 0x00000000 align 2**12
         filesz 0x00000004 memsz 0x00000004 flags r-x
    LOAD off    0x00002000 vaddr 0x20000000 paddr 0x00000004 align 2**12
         filesz 0x000009a4 memsz 0x000009a4 flags r-x
    LOAD off    0x000029a8 vaddr 0x000009a8 paddr 0x000009a8 align 2**12
         filesz 0x00001314 memsz 0x00001314 flags r-x
    LOAD off    0x000049a4 vaddr 0x200009a4 paddr 0x00001cbc align 2**12
         filesz 0x0000000c memsz 0x000001bc flags rw-
    LOAD off    0x00004e00 vaddr 0x20007e00 paddr 0x20007e00 align 2**12
         filesz 0x00000000 memsz 0x00000200 flags rw-

Sections:
Idx Name            Size      VMA       LMA       File off  Algn  Flags
  0 .init           00000004  00000000  00000000  00001000  2**1  CONTENTS, ALLOC, LOAD, READONLY, CODE
  1 .highcodelalign 00000000  00000004  00000004  000049b0  2**0  CONTENTS
  2 .highcode       000009a4  20000000  00000004  00002000  2**1  CONTENTS, ALLOC, LOAD, READONLY, CODE
  3 .text           00001314  000009a8  000009a8  000029a8  2**2  CONTENTS, ALLOC, LOAD, READONLY, CODE
  4 .fini           00000000  00001cbc  00001cbc  000049b0  2**0  CONTENTS, ALLOC, LOAD, CODE
  5 .dlalign        00000000  00001cbc  00001cbc  000049b0  2**0  CONTENTS
  6 .data           0000000c  200009a4  00001cbc  000049a4  2**0  CONTENTS, ALLOC, LOAD, DATA
  7 .bss            000001b0  200009b0  00001cc8  000049b0  2**2  ALLOC
  8 .stack          00000200  20007e00  20007e00  00004e00  2**0  ALLOC
  9 .debug_info     00005879  00000000  00000000  000049b0  2**0  CONTENTS, READONLY, DEBUGGING
 10 .debug_abbrev   00000e28  00000000  00000000  0000a229  2**0  CONTENTS, READONLY, DEBUGGING
 11 .debug_loc      00001a3d  00000000  00000000  0000b051  2**0  CONTENTS, READONLY, DEBUGGING
 12 .debug_aranges  000001e0  00000000  00000000  0000ca90  2**3  CONTENTS, READONLY, DEBUGGING
 13 .debug_ranges   000002b8  00000000  00000000  0000cc70  2**3  CONTENTS, READONLY, DEBUGGING
 14 .debug_line     00004ef2  00000000  00000000  0000cf28  2**0  CONTENTS, READONLY, DEBUGGING
 15 .debug_str      000014c5  00000000  00000000  00011e1a  2**0  CONTENTS, READONLY, DEBUGGING
 16 .comment        00000033  00000000  00000000  000132df  2**0  CONTENTS, READONLY
 17 .debug_frame    0000040c  00000000  00000000  00013314  2**2  CONTENTS, READONLY, DEBUGGING
 18 .stabstr        00000117  00000000  00000000  00013720  2**0  CONTENTS, READONLY, DEBUGGING
SYMBOL TABLE:
00000000 l    d  .init	00000000 .init
00000004 l    d  .highcodelalign	00000000 .highcodelalign
20000000 l    d  .highcode	00000000 .highcode
000009a8 l    d  .text	00000000 .text
00001cbc l    d  .fini	00000000 .fini
00001cbc l    d  .dlalign	00000000 .dlalign
200009a4 l    d  .data	00000000 .data
200009b0 l    d  .bss	00000000 .bss
20007e00 l    d  .stack	00000000 .stack
00000000 l    d  .debug_info	00000000 .debug_info
00000000 l    d  .debug_abbrev	00000000 .debug_abbrev
00000000 l    d  .debug_loc	00000000 .debug_loc
00000000 l    d  .debug_aranges	00000000 .debug_aranges
00000000 l    d  .debug_ranges	00000000 .debug_ranges
00000000 l    d  .debug_line	00000000 .debug_line
00000000 l    d  .debug_str	00000000 .debug_str
00000000 l    d  .comment	00000000 .comment
00000000 l    d  .debug_frame	00000000 .debug_frame
00000000 l    d  .stabstr	00000000 .stabstr
00000000 l    df *ABS*	00000000 ./Startup/startup_CH583.o
20000000 l       .highcode	00000000 _vector_base
00000000 l    df *ABS*	00000000 CH58x_sys.c
00000000 l    df *ABS*	00000000 ISP583.c
20000590 l       .highcode	00000000 .loop18
2000059e l       .highcode	00000000 .loop29
200005ac l       .highcode	00000000 .loop40
20000838 l       .highcode	00000000 .loop402
00000000 l    df *ABS*	00000000 Main.c
00000b26 l     F .text	00000026 KeyValid
00000b4c l     F .text	00000018 EP0_Status
00000b64 l     F .text	0000004e USB_ResetState
00000bb2 l     F .text	00000072 EP0_Packet
00000c24 l     F .text	00000026 EP0_Reply
00000c4a l     F .text	00000086 TK_Read
00000cd0 l     F .text	00000512 USB_Poll
000011e2 l     F .text	00000110 ReadElectrodes
000012f2 l     F .text	000000dc Touch_Calibrate
200009ec l     O .bss	00000040 EP0_Databuf
20000a2c l     O .bss	00000040 EP1_Databuf
20000a6c l     O .bss	0000003c baseline_q8
20000aa8 l     O .bss	0000000f debounce
20000ab8 l     O .bss	0000000f electrode_state
20000ac8 l     O .bss	00000038 key_state
00001b98 l     O .text	00000038 FTab
00001bd0 l     O .text	00000038 KTab
00001c08 l     O .text	0000003f KeyboardReportDesc
00001c48 l     O .text	00000022 MyCfgDescr
00001c6c l     O .text	00000012 MyDevDescr
00001c80 l     O .text	0000000e touch_channel
200009b0 l     O .bss	00000004 ctrl_data
200009b4 l     O .bss	00000002 ctrl_remaining
200009b8 l     O .bss	00000008 ctrl_reply
200009c0 l     O .bss	00000001 ctrl_state
200009c1 l     O .bss	00000001 ctrl_zlp
200009c4 l     O .bss	00000008 current_report
200009cc l     O .bss	00000001 ep1_busy
200009cd l     O .bss	00000001 ep1_halted
200009ce l     O .bss	00000001 hid_idle
200009cf l     O .bss	00000001 hid_leds
200009d0 l     O .bss	00000008 last_report
200009d8 l     O .bss	00000004 last_report_tick
200009dc l     O .bss	00000001 pending_address
200009dd l     O .bss	00000001 report_sent
200009e5 l     O .bss	00000001 usb_config
200009e6 l     O .bss	00000001 usb_suspended
200009a8 l     O .data	00000001 hid_protocol
00001cb8 l     O .text	00000004 LangDescr
00000000 l    df *ABS*	00000000 CH58x_adc.c
00000000 l    df *ABS*	00000000 CH58x_gpio.c
00000000 l    df *ABS*	00000000 memcmp.c
00000000 l    df *ABS*	00000000 memcpy.c
00000000 l    df *ABS*	00000000 close.c
200005ac g     F .highcode	0000000e FLASH_ROM_OUT
20000b40 g     O .bss	0000001e touch_raw
200011a8 g       .data	00000000 __global_pointer$
20000548 g     F .highcode	0000000e mDelayuS
2000048a  w    F .highcode	000000be HardFault_Handler
20000090  w      .highcode	00000000 GPIOB_IRQHandler
20000090  w      .highcode	00000000 GPIOA_IRQHandler
20000090  w      .highcode	00000000 SysTick_Handler
20000090  w      .highcode	00000000 NMI_Handler
20000090  w      .highcode	00000000 UART1_IRQHandler
200009b0 g       .bss	00000000 _sbss
00000200 g       *ABS*	00000000 __stack_size
2000059e g     F .highcode	0000000e FLASH_ROM_IN
20000090  w      .highcode	00000000 UART0_IRQHandler
00001ae2 g     F .text	000000b6 memcpy
00001a98 g     F .text	0000001a GPIOAGPPCfg
00000004 g       .init	00000000 _einit
20000090  w      .highcode	00000000 BB_IRQHandler
2000063a g     F .highcode	0000036a FLASH_EEPROM_CMD
20000090  w      .highcode	00000000 Break_Point_Handler
000019f2 g     F .text	000000a6 GPIOB_ModeCfg
20000090  w      .highcode	00000000 TMR0_IRQHandler
200009e0 g     O .bss	00000004 touch_faults
200009e4 g     O .bss	00000001 touch_ready
20000b00 g     O .bss	0000001e touch_base
2000057e g     F .highcode	00000012 FLASH_ROM_BEG
20000556 g     F .highcode	00000028 mDelaymS
20000090  w      .highcode	00000000 Ecall_M_Mode_Handler
20007e00 g       .stack	00000000 _heap_end
200005ba g     F .highcode	00000048 FLASH_ROM_ADDR
20000090  w      .highcode	00000000 RTC_IRQHandler
20000b60 g       .bss	00000000 _ebss
20000602 g     F .highcode	00000038 FLASH_ROM_WAIT
20000090  w      .highcode	00000000 UART2_IRQHandler
20000090  w      .highcode	00000000 PWMX_IRQHandler
00000000 g       .init	00000000 _start
20000090  w      .highcode	00000000 ADC_IRQHandler
20000000 g       .highcode	00000000 _highcode_vma_start
00001934 g     F .text	00000018 TouchKey_ChSampInit
20000b20 g     O .bss	0000001e touch_delta
20000090  w      .highcode	00000000 TMR2_IRQHandler
200009e8 g     O .bss	00000004 IRQ_STA
200009a4 g       .data	00000000 _data_vma
00001abc g     F .text	00000026 memcmp
20000092 g     F .highcode	00000386 SetSysClock
20000090  w      .highcode	00000000 USB_IRQHandler
20000090  w      .highcode	00000000 I2C_IRQHandler
00000a7e g     F .text	000000a8 memset
000013ce g     F .text	00000566 main
20000090  w      .highcode	00000000 USB2_IRQHandler
00000004 g       .highcodelalign	00000000 _highcode_lma
20000090  w      .highcode	00000000 LLE_IRQHandler
00000000 g       .init	00000000 _sinit
20000090  w      .highcode	00000000 WDOG_BAT_IRQHandler
20000090  w      .highcode	00000000 Ecall_U_Mode_Handler
20000090  w      .highcode	00000000 TMR3_IRQHandler
20008000 g       .stack	00000000 _eusrstack
20000090  w      .highcode	00000000 SW_Handler
0000194c g     F .text	000000a6 GPIOA_ModeCfg
200009b0 g       .data	00000000 _edata
20000090  w      .highcode	00000000 SPI0_IRQHandler
20000b60 g       .bss	00000000 _end
200009a4 g       .highcode	00000000 _highcode_vma_end
00001cbc g       .dlalign	00000000 _data_lma
00001ab2 g     F .text	0000000a SYS_GetSysTickCnt
000009a8  w      .text	00000000 handle_reset
20000090  w      .highcode	00000000 UART3_IRQHandler
20000590 g     F .highcode	0000000e FLASH_ROM_END
20000090  w      .highcode	00000000 TMR1_IRQHandler
20000418 g     F .highcode	00000072 SYS_ResetExecute



Disassembly of section .init:

00000000 <_sinit>:
_start():
d:\workspace\business_card\obj/../Startup/startup_CH583.S:17

	.section	.init,"ax",@progbits
	.global	_start
	.align	1
_start:
	j	handle_reset
   0:	1a90006f          	j	9a8 <handle_reset>

Disassembly of section .highcode:

20000000 <_highcode_vma_start>:
	...
_vector_base():
20000008:	0090                	addi	a2,sp,64
2000000a:	2000                	fld	fs0,0(s0)
2000000c:	048a                	slli	s1,s1,0x2
2000000e:	2000                	fld	fs0,0(s0)
20000010:	bda9                	j	1ffffe6a <_data_lma+0x1fffe1ae>
20000012:	f3f9                	bnez	a5,1fffffd8 <_data_lma+0x1fffe31c>
20000014:	0090                	addi	a2,sp,64
20000016:	2000                	fld	fs0,0(s0)
	...
20000020:	0090                	addi	a2,sp,64
20000022:	2000                	fld	fs0,0(s0)
20000024:	0090                	addi	a2,sp,64
20000026:	2000                	fld	fs0,0(s0)
	...
20000030:	0090                	addi	a2,sp,64
20000032:	2000                	fld	fs0,0(s0)
20000034:	0000                	unimp
20000036:	0000                	unimp
20000038:	0090                	addi	a2,sp,64
2000003a:	2000                	fld	fs0,0(s0)
2000003c:	0000                	unimp
2000003e:	0000                	unimp
20000040:	0090                	addi	a2,sp,64
20000042:	2000                	fld	fs0,0(s0)
20000044:	0090                	addi	a2,sp,64
20000046:	2000                	fld	fs0,0(s0)
20000048:	0090                	addi	a2,sp,64
2000004a:	2000                	fld	fs0,0(s0)
2000004c:	0090                	addi	a2,sp,64
2000004e:	2000                	fld	fs0,0(s0)
20000050:	0090                	addi	a2,sp,64
20000052:	2000                	fld	fs0,0(s0)
20000054:	0090                	addi	a2,sp,64
20000056:	2000                	fld	fs0,0(s0)
20000058:	0090                	addi	a2,sp,64
2000005a:	2000                	fld	fs0,0(s0)
2000005c:	0090                	addi	a2,sp,64
2000005e:	2000                	fld	fs0,0(s0)
20000060:	0090                	addi	a2,sp,64
20000062:	2000                	fld	fs0,0(s0)
20000064:	0090                	addi	a2,sp,64
20000066:	2000                	fld	fs0,0(s0)
20000068:	0090                	addi	a2,sp,64
2000006a:	2000                	fld	fs0,0(s0)
2000006c:	0090                	addi	a2,sp,64
2000006e:	2000                	fld	fs0,0(s0)
20000070:	0090                	addi	a2,sp,64
20000072:	2000                	fld	fs0,0(s0)
20000074:	0090                	addi	a2,sp,64
20000076:	2000                	fld	fs0,0(s0)
20000078:	0090                	addi	a2,sp,64
2000007a:	2000                	fld	fs0,0(s0)
2000007c:	0090                	addi	a2,sp,64
2000007e:	2000                	fld	fs0,0(s0)
20000080:	0090                	addi	a2,sp,64
20000082:	2000                	fld	fs0,0(s0)
20000084:	0090                	addi	a2,sp,64
20000086:	2000                	fld	fs0,0(s0)
20000088:	0090                	addi	a2,sp,64
2000008a:	2000                	fld	fs0,0(s0)
2000008c:	0090                	addi	a2,sp,64
2000008e:	2000                	fld	fs0,0(s0)

20000090 <ADC_IRQHandler>:
GPIOB_IRQHandler():
d:\workspace\business_card\obj/../Startup/startup_CH583.S:121
TMR3_IRQHandler:
UART2_IRQHandler:
UART3_IRQHandler:
WDOG_BAT_IRQHandler: 
1:  
	j 1b
20000090:	a001                	j	20000090 <ADC_IRQHandler>

20000092 <SetSysClock>:
sys_safe_access_enable():
d:\workspace\business_card\StdPeriphDriver\inc/CH58x_sys.h:182
 * within the valid period. The safe mode will be automatically 
 * terminated after the above validity period is exceeded.
 */
 __attribute__((always_inline)) static inline void sys_safe_access_enable(void)
{
   if(read_csr(0x800)&0x08)
20000092:	80002773          	csrr	a4,0x800
20000096:	8b21                	andi	a4,a4,8
20000098:	84018793          	addi	a5,gp,-1984 # 200009e8 <IRQ_STA>
2000009c:	cb09                	beqz	a4,200000ae <SetSysClock+0x1c>
d:\workspace\business_card\StdPeriphDriver\inc/CH58x_sys.h:184
   {
       IRQ_STA = read_csr(0x800);
2000009e:	80002773          	csrr	a4,0x800
200000a2:	84e1a023          	sw	a4,-1984(gp) # 200009e8 <IRQ_STA>
d:\workspace\business_card\StdPeriphDriver\inc/CH58x_sys.h:185
       write_csr(0x800, (IRQ_STA&(~0x08)));
200000a6:	4398                	lw	a4,0(a5)
200000a8:	9b5d                	andi	a4,a4,-9
200000aa:	80071073          	csrw	0x800,a4
d:\workspace\business_card\StdPeriphDriver\inc/CH58x_sys.h:187
   }
   SAFEOPERATE;
200000ae:	0000100f          	fence.i
d:\workspace\business_card\StdPeriphDriver\inc/CH58x_sys.h:188
   R8_SAFE_ACCESS_SIG = SAFE_ACCESS_SIG1;
200000b2:	40001737          	lui	a4,0x40001
200000b6:	05700693          	li	a3,87
200000ba:	04d70023          	sb	a3,64(a4) # 40001040 <_eusrstack+0x1fff9040>
d:\workspace\business_card\StdPeriphDriver\inc/CH58x_sys.h:189
   R8_SAFE_ACCESS_SIG = SAFE_ACCESS_SIG2;
200000be:	fa800693          	li	a3,-88
200000c2:	04d70023          	sb	a3,64(a4)
d:\workspace\business_card\StdPeriphDriver\inc/CH58x_sys.h:190
   SAFEOPERATE;
200000c6:	0000100f          	fence.i
SetSysClock():
d:\workspace\business_card\obj/../StdPeriphDriver/CH58x_sys.c:30
__HIGH_CODE
void SetSysClock(SYS_CLKTypeDef sc)
{
    uint32_t i;
    sys_safe_access_enable();
    R8_PLL_CONFIG &= ~(1 << 5); //
200000ca:	04b74683          	lbu	a3,75(a4)
200000ce:	0df6f693          	andi	a3,a3,223
200000d2:	04d705a3          	sb	a3,75(a4)
sys_safe_access_disable():
d:\workspace\business_card\StdPeriphDriver\inc/CH58x_sys.h:195
}

__attribute__((always_inline)) static inline void sys_safe_access_disable(void)
{
   R8_SAFE_ACCESS_SIG = 0;
200000d6:	04070023          	sb	zero,64(a4)
d:\workspace\business_card\StdPeriphDriver\inc/CH58x_sys.h:196
   write_csr(0x800, read_csr(0x800)|(IRQ_STA&0x08));
200000da:	80002673          	csrr	a2,0x800
200000de:	4394                	lw	a3,0(a5)
200000e0:	8aa1                	andi	a3,a3,8
200000e2:	8ed1                	or	a3,a3,a2
200000e4:	80069073          	csrw	0x800,a3
d:\workspace\business_card\StdPeriphDriver\inc/CH58x_sys.h:197
   IRQ_STA = 0;
200000e8:	8401a023          	sw	zero,-1984(gp) # 200009e8 <IRQ_STA>
d:\workspace\business_card\StdPeriphDriver\inc/CH58x_sys.h:198
   SAFEOPERATE;
200000ec:	0000100f          	fence.i
SetSysClock():
d:\workspace\business_card\obj/../StdPeriphDriver/CH58x_sys.c:32
    sys_safe_access_disable();
    if(sc & 0x20)
200000f0:	02057693          	andi	a3,a0,32
200000f4:	18068463          	beqz	a3,2000027c <SetSysClock+0x1ea>
d:\workspace\business_card\obj/../StdPeriphDriver/CH58x_sys.c:34
    { // HSE div
        if(!(R8_HFCK_PWR_CTRL & RB_CLK_XT32M_PON))
200000f8:	00a74703          	lbu	a4,10(a4)
200000fc:	8b11                	andi	a4,a4,4
200000fe:	e725                	bnez	a4,20000166 <SetSysClock+0xd4>
sys_safe_access_enable():
d:\workspace\business_card\StdPeriphDriver\inc/CH58x_sys.h:182
   if(read_csr(0x800)&0x08)
20000100:	80002773          	csrr	a4,0x800
20000104:	8b21                	andi	a4,a4,8
20000106:	cb09                	beqz	a4,20000118 <SetSysClock+0x86>
d:\workspace\business_card\StdPeriphDriver\inc/CH58x_sys.h:184
       IRQ_STA = read_csr(0x800);
20000108:	80002773          	csrr	a4,0x800
2000010c:	84e1a023          	sw	a4,-1984(gp) # 200009e8 <IRQ_STA>
d:\workspace\business_card\StdPeriphDriver\inc/CH58x_sys.h:185
       write_csr(0x800, (IRQ_STA&(~0x08)));
20000110:	4398                	lw	a4,0(a5)
20000112:	9b5d                	andi	a4,a4,-9
20000114:	80071073          	csrw	0x800,a4
d:\workspace\business_card\StdPeriphDriver\inc/CH58x_sys.h:187
   SAFEOPERATE;
20000118:	0000100f          	fence.i
d:\workspace\business_card\StdPeriphDriver\inc/CH58x_sys.h:188
   R8_SAFE_ACCESS_SIG = SAFE_ACCESS_SIG1;
2000011c:	40001737          	lui	a4,0x40001
20000120:	05700693          	li	a3,87
20000124:	04d70023          	sb	a3,64(a4) # 40001040 <_eusrstack+0x1fff9040>
d:\workspace\business_card\StdPeriphDriver\inc/CH58x_sys.h:189
   R8_SAFE_ACCESS_SIG = SAFE_ACCESS_SIG2;
20000128:	fa800693          	li	a3,-88
2000012c:	04d70023          	sb	a3,64(a4)
d:\workspace\business_card\StdPeriphDriver\inc/CH58x_sys.h:190
   SAFEOPERATE;
20000130:	0000100f          	fence.i
SetSysClock():
d:\workspace\business_card\obj/../StdPeriphDriver/CH58x_sys.c:37
        {
            sys_safe_access_enable();
            R8_HFCK_PWR_CTRL |= RB_CLK_XT32M_PON; // HSE power on
20000134:	00a74683          	lbu	a3,10(a4)
20000138:	0046e693          	ori	a3,a3,4
2000013c:	00d70523          	sb	a3,10(a4)
sys_safe_access_disable():
d:\workspace\business_card\StdPeriphDriver\inc/CH58x_sys.h:195
   R8_SAFE_ACCESS_SIG = 0;
20000140:	04070023          	sb	zero,64(a4)
d:\workspace\business_card\StdPeriphDriver\inc/CH58x_sys.h:196
   write_csr(0x800, read_csr(0x800)|(IRQ_STA&0x08));
20000144:	800026f3          	csrr	a3,0x800
20000148:	4398                	lw	a4,0(a5)
2000014a:	8b21                	andi	a4,a4,8
2000014c:	8f55                	or	a4,a4,a3
2000014e:	80071073          	csrw	0x800,a4
d:\workspace\business_card\StdPeriphDriver\inc/CH58x_sys.h:197
   IRQ_STA = 0;
20000152:	8401a023          	sw	zero,-1984(gp) # 200009e8 <IRQ_STA>
d:\workspace\business_card\StdPeriphDriver\inc/CH58x_sys.h:198
   SAFEOPERATE;
20000156:	0000100f          	fence.i
2000015a:	4b000713          	li	a4,1200
SetSysClock():
d:\workspace\business_card\obj/../StdPeriphDriver/CH58x_sys.c:41 (discriminator 3)
            sys_safe_access_disable();
            for(i = 0; i < 1200; i++)
            {
                __nop();
2000015e:	0001                	nop
d:\workspace\business_card\obj/../StdPeriphDriver/CH58x_sys.c:42 (discriminator 3)
                __nop();
20000160:	0001                	nop
20000162:	177d                	addi	a4,a4,-1
d:\workspace\business_card\obj/../StdPeriphDriver/CH58x_sys.c:39 (discriminator 3)
            for(i = 0; i < 1200; i++)
20000164:	ff6d                	bnez	a4,2000015e <SetSysClock+0xcc>
sys_safe_access_enable():
d:\workspace\business_card\StdPeriphDriver\inc/CH58x_sys.h:182
   if(read_csr(0x800)&0x08)
20000166:	80002773          	csrr	a4,0x800
2000016a:	8b21                	andi	a4,a4,8
2000016c:	cb09                	beqz	a4,2000017e <SetSysClock+0xec>
d:\workspace\business_card\StdPeriphDriver\inc/CH58x_sys.h:184
       IRQ_STA = read_csr(0x800);
2000016e:	80002773          	csrr	a4,0x800
20000172:	84e1a023          	sw	a4,-1984(gp) # 200009e8 <IRQ_STA>
d:\workspace\business_card\StdPeriphDriver\inc/CH58x_sys.h:185
       write_csr(0x800, (IRQ_STA&(~0x08)));
20000176:	4398                	lw	a4,0(a5)
20000178:	9b5d                	andi	a4,a4,-9
2000017a:	80071073          	csrw	0x800,a4
d:\workspace\business_card\StdPeriphDriver\inc/CH58x_sys.h:187
   SAFEOPERATE;
2000017e:	0000100f          	fence.i
d:\workspace\business_card\StdPeriphDriver\inc/CH58x_sys.h:188
   R8_SAFE_ACCESS_SIG = SAFE_ACCESS_SIG1;
20000182:	40001737          	lui	a4,0x40001
20000186:	05700693          	li	a3,87
2000018a:	04d70023          	sb	a3,64(a4) # 40001040 <_eusrstack+0x1fff9040>
d:\workspace\business_card\StdPeriphDriver\inc/CH58x_sys.h:189
   R8_SAFE_ACCESS_SIG = SAFE_ACCESS_SIG2;
2000018e:	fa800693          	li	a3,-88
20000192:	04d70023          	sb	a3,64(a4)
d:\workspace\business_card\StdPeriphDriver\inc/CH58x_sys.h:190
   SAFEOPERATE;
20000196:	0000100f          	fence.i
SetSysClock():
d:\workspace\business_card\obj/../StdPeriphDriver/CH58x_sys.c:47
            }
        }

        sys_safe_access_enable();
        R16_CLK_SYS_CFG = (0 << 6) | (sc & 0x1f);
2000019a:	897d                	andi	a0,a0,31
2000019c:	00a71423          	sh	a0,8(a4)
d:\workspace\business_card\obj/../StdPeriphDriver/CH58x_sys.c:48
        __nop();
200001a0:	0001                	nop
d:\workspace\business_card\obj/../StdPeriphDriver/CH58x_sys.c:49
        __nop();
200001a2:	0001                	nop
d:\workspace\business_card\obj/../StdPeriphDriver/CH58x_sys.c:50
        __nop();
200001a4:	0001                	nop
d:\workspace\business_card\obj/../StdPeriphDriver/CH58x_sys.c:51
        __nop();
200001a6:	0001                	nop
sys_safe_access_disable():
d:\workspace\business_card\StdPeriphDriver\inc/CH58x_sys.h:195
   R8_SAFE_ACCESS_SIG = 0;
200001a8:	04070023          	sb	zero,64(a4)
d:\workspace\business_card\StdPeriphDriver\inc/CH58x_sys.h:196
   write_csr(0x800, read_csr(0x800)|(IRQ_STA&0x08));
200001ac:	800026f3          	csrr	a3,0x800
200001b0:	4398                	lw	a4,0(a5)
200001b2:	8b21                	andi	a4,a4,8
200001b4:	8f55                	or	a4,a4,a3
200001b6:	80071073          	csrw	0x800,a4
d:\workspace\business_card\StdPeriphDriver\inc/CH58x_sys.h:197
   IRQ_STA = 0;
200001ba:	8401a023          	sw	zero,-1984(gp) # 200009e8 <IRQ_STA>
d:\workspace\business_card\StdPeriphDriver\inc/CH58x_sys.h:198
   SAFEOPERATE;
200001be:	0000100f          	fence.i
sys_safe_access_enable():
d:\workspace\business_card\StdPeriphDriver\inc/CH58x_sys.h:182
   if(read_csr(0x800)&0x08)
200001c2:	80002773          	csrr	a4,0x800
200001c6:	8b21                	andi	a4,a4,8
200001c8:	cb09                	beqz	a4,200001da <SetSysClock+0x148>
d:\workspace\business_card\StdPeriphDriver\inc/CH58x_sys.h:184
       IRQ_STA = read_csr(0x800);
200001ca:	80002773          	csrr	a4,0x800
200001ce:	84e1a023          	sw	a4,-1984(gp) # 200009e8 <IRQ_STA>
d:\workspace\business_card\StdPeriphDriver\inc/CH58x_sys.h:185
       write_csr(0x800, (IRQ_STA&(~0x08)));
200001d2:	4398                	lw	a4,0(a5)
200001d4:	9b5d                	andi	a4,a4,-9
200001d6:	80071073          	csrw	0x800,a4
d:\workspace\business_card\StdPeriphDriver\inc/CH58x_sys.h:187
   SAFEOPERATE;
200001da:	0000100f          	fence.i
d:\workspace\business_card\StdPeriphDriver\inc/CH58x_sys.h:188
   R8_SAFE_ACCESS_SIG = SAFE_ACCESS_SIG1;
200001de:	40001737          	lui	a4,0x40001
200001e2:	05700693          	li	a3,87
200001e6:	04d70023          	sb	a3,64(a4) # 40001040 <_eusrstack+0x1fff9040>
d:\workspace\business_card\StdPeriphDriver\inc/CH58x_sys.h:189
   R8_SAFE_ACCESS_SIG = SAFE_ACCESS_SIG2;
200001ea:	fa800693          	li	a3,-88
200001ee:	04d70023          	sb	a3,64(a4)
d:\workspace\business_card\StdPeriphDriver\inc/CH58x_sys.h:190
   SAFEOPERATE;
200001f2:	0000100f          	fence.i
SetSysClock():
d:\workspace\business_card\obj/../StdPeriphDriver/CH58x_sys.c:54
        sys_safe_access_disable();
        sys_safe_access_enable();
        SAFEOPERATE;
200001f6:	0000100f          	fence.i
d:\workspace\business_card\obj/../StdPeriphDriver/CH58x_sys.c:55
        R8_FLASH_CFG = 0X51;
200001fa:	400026b7          	lui	a3,0x40002
200001fe:	05100613          	li	a2,81
d:\workspace\business_card\obj/../StdPeriphDriver/CH58x_sys.c:88
            sys_safe_access_disable();
        }
        else
        {
            sys_safe_access_enable();
            R8_FLASH_CFG = 0X52;
20000202:	80c683a3          	sb	a2,-2041(a3) # 40001807 <_eusrstack+0x1fff9807>
sys_safe_access_disable():
d:\workspace\business_card\StdPeriphDriver\inc/CH58x_sys.h:195
   R8_SAFE_ACCESS_SIG = 0;
20000206:	04070023          	sb	zero,64(a4)
d:\workspace\business_card\StdPeriphDriver\inc/CH58x_sys.h:196
   write_csr(0x800, read_csr(0x800)|(IRQ_STA&0x08));
2000020a:	800026f3          	csrr	a3,0x800
2000020e:	4398                	lw	a4,0(a5)
20000210:	8b21                	andi	a4,a4,8
20000212:	8f55                	or	a4,a4,a3
20000214:	80071073          	csrw	0x800,a4
d:\workspace\business_card\StdPeriphDriver\inc/CH58x_sys.h:197
   IRQ_STA = 0;
20000218:	8401a023          	sw	zero,-1984(gp) # 200009e8 <IRQ_STA>
d:\workspace\business_card\StdPeriphDriver\inc/CH58x_sys.h:198
   SAFEOPERATE;
2000021c:	0000100f          	fence.i
sys_safe_access_enable():
d:\workspace\business_card\StdPeriphDriver\inc/CH58x_sys.h:182
   if(read_csr(0x800)&0x08)
20000220:	80002773          	csrr	a4,0x800
20000224:	8b21                	andi	a4,a4,8
20000226:	cb09                	beqz	a4,20000238 <SetSysClock+0x1a6>
d:\workspace\business_card\StdPeriphDriver\inc/CH58x_sys.h:184
       IRQ_STA = read_csr(0x800);
20000228:	80002773          	csrr	a4,0x800
2000022c:	84e1a023          	sw	a4,-1984(gp) # 200009e8 <IRQ_STA>
d:\workspace\business_card\StdPeriphDriver\inc/CH58x_sys.h:185
       write_csr(0x800, (IRQ_STA&(~0x08)));
20000230:	4398                	lw	a4,0(a5)
20000232:	9b5d                	andi	a4,a4,-9
20000234:	80071073          	csrw	0x800,a4
d:\workspace\business_card\StdPeriphDriver\inc/CH58x_sys.h:187
   SAFEOPERATE;
20000238:	0000100f          	fence.i
d:\workspace\business_card\StdPeriphDriver\inc/CH58x_sys.h:188
   R8_SAFE_ACCESS_SIG = SAFE_ACCESS_SIG1;
2000023c:	40001737          	lui	a4,0x40001
20000240:	05700693          	li	a3,87
20000244:	04d70023          	sb	a3,64(a4) # 40001040 <_eusrstack+0x1fff9040>
d:\workspace\business_card\StdPeriphDriver\inc/CH58x_sys.h:189
   R8_SAFE_ACCESS_SIG = SAFE_ACCESS_SIG2;
20000248:	fa800693          	li	a3,-88
2000024c:	04d70023          	sb	a3,64(a4)
d:\workspace\business_card\StdPeriphDriver\inc/CH58x_sys.h:190
   SAFEOPERATE;
20000250:	0000100f          	fence.i
SetSysClock():
d:\workspace\business_card\obj/../StdPeriphDriver/CH58x_sys.c:100
        R16_CLK_SYS_CFG |= RB_CLK_SYS_MOD;
        sys_safe_access_disable();
    }
    //更改FLASH clk的驱动能力
    sys_safe_access_enable();
    R8_PLL_CONFIG |= 1 << 7;
20000254:	04b74683          	lbu	a3,75(a4)
20000258:	0806e693          	ori	a3,a3,128
2000025c:	04d705a3          	sb	a3,75(a4)
sys_safe_access_disable():
d:\workspace\business_card\StdPeriphDriver\inc/CH58x_sys.h:195
   R8_SAFE_ACCESS_SIG = 0;
20000260:	04070023          	sb	zero,64(a4)
d:\workspace\business_card\StdPeriphDriver\inc/CH58x_sys.h:196
   write_csr(0x800, read_csr(0x800)|(IRQ_STA&0x08));
20000264:	80002773          	csrr	a4,0x800
20000268:	439c                	lw	a5,0(a5)
2000026a:	8ba1                	andi	a5,a5,8
2000026c:	8fd9                	or	a5,a5,a4
2000026e:	80079073          	csrw	0x800,a5
d:\workspace\business_card\StdPeriphDriver\inc/CH58x_sys.h:197
   IRQ_STA = 0;
20000272:	8401a023          	sw	zero,-1984(gp) # 200009e8 <IRQ_STA>
d:\workspace\business_card\StdPeriphDriver\inc/CH58x_sys.h:198
   SAFEOPERATE;
20000276:	0000100f          	fence.i
SetSysClock():
d:\workspace\business_card\obj/../StdPeriphDriver/CH58x_sys.c:102
    sys_safe_access_disable();
}
2000027a:	8082                	ret
d:\workspace\business_card\obj/../StdPeriphDriver/CH58x_sys.c:59
    else if(sc & 0x40)
2000027c:	04057693          	andi	a3,a0,64
20000280:	14068b63          	beqz	a3,200003d6 <SetSysClock+0x344>
d:\workspace\business_card\obj/../StdPeriphDriver/CH58x_sys.c:61
        if(!(R8_HFCK_PWR_CTRL & RB_CLK_PLL_PON))
20000284:	00a74703          	lbu	a4,10(a4)
20000288:	8b41                	andi	a4,a4,16
2000028a:	e725                	bnez	a4,200002f2 <SetSysClock+0x260>
sys_safe_access_enable():
d:\workspace\business_card\StdPeriphDriver\inc/CH58x_sys.h:182
   if(read_csr(0x800)&0x08)
2000028c:	80002773          	csrr	a4,0x800
20000290:	8b21                	andi	a4,a4,8
20000292:	cb09                	beqz	a4,200002a4 <SetSysClock+0x212>
d:\workspace\business_card\StdPeriphDriver\inc/CH58x_sys.h:184
       IRQ_STA = read_csr(0x800);
20000294:	80002773          	csrr	a4,0x800
20000298:	84e1a023          	sw	a4,-1984(gp) # 200009e8 <IRQ_STA>
d:\workspace\business_card\StdPeriphDriver\inc/CH58x_sys.h:185
       write_csr(0x800, (IRQ_STA&(~0x08)));
2000029c:	4398                	lw	a4,0(a5)
2000029e:	9b5d                	andi	a4,a4,-9
200002a0:	80071073          	csrw	0x800,a4
d:\workspace\business_card\StdPeriphDriver\inc/CH58x_sys.h:187
   SAFEOPERATE;
200002a4:	0000100f          	fence.i
d:\workspace\business_card\StdPeriphDriver\inc/CH58x_sys.h:188
   R8_SAFE_ACCESS_SIG = SAFE_ACCESS_SIG1;
200002a8:	40001737          	lui	a4,0x40001
200002ac:	05700693          	li	a3,87
200002b0:	04d70023          	sb	a3,64(a4) # 40001040 <_eusrstack+0x1fff9040>
d:\workspace\business_card\StdPeriphDriver\inc/CH58x_sys.h:189
   R8_SAFE_ACCESS_SIG = SAFE_ACCESS_SIG2;
200002b4:	fa800693          	li	a3,-88
200002b8:	04d70023          	sb	a3,64(a4)
d:\workspace\business_card\StdPeriphDriver\inc/CH58x_sys.h:190
   SAFEOPERATE;
200002bc:	0000100f          	fence.i
SetSysClock():
d:\workspace\business_card\obj/../StdPeriphDriver/CH58x_sys.c:64
            R8_HFCK_PWR_CTRL |= RB_CLK_PLL_PON; // PLL power on
200002c0:	00a74683          	lbu	a3,10(a4)
200002c4:	0106e693          	ori	a3,a3,16
200002c8:	00d70523          	sb	a3,10(a4)
sys_safe_access_disable():
d:\workspace\business_card\StdPeriphDriver\inc/CH58x_sys.h:195
   R8_SAFE_ACCESS_SIG = 0;
200002cc:	04070023          	sb	zero,64(a4)
d:\workspace\business_card\StdPeriphDriver\inc/CH58x_sys.h:196
   write_csr(0x800, read_csr(0x800)|(IRQ_STA&0x08));
200002d0:	800026f3          	csrr	a3,0x800
200002d4:	4398                	lw	a4,0(a5)
200002d6:	8b21                	andi	a4,a4,8
200002d8:	8f55                	or	a4,a4,a3
200002da:	80071073          	csrw	0x800,a4
d:\workspace\business_card\StdPeriphDriver\inc/CH58x_sys.h:197
   IRQ_STA = 0;
200002de:	8401a023          	sw	zero,-1984(gp) # 200009e8 <IRQ_STA>
d:\workspace\business_card\StdPeriphDriver\inc/CH58x_sys.h:198
   SAFEOPERATE;
200002e2:	0000100f          	fence.i
200002e6:	7d000713          	li	a4,2000
SetSysClock():
d:\workspace\business_card\obj/../StdPeriphDriver/CH58x_sys.c:68 (discriminator 3)
                __nop();
200002ea:	0001                	nop
d:\workspace\business_card\obj/../StdPeriphDriver/CH58x_sys.c:69 (discriminator 3)
                __nop();
200002ec:	0001                	nop
200002ee:	177d                	addi	a4,a4,-1
d:\workspace\business_card\obj/../StdPeriphDriver/CH58x_sys.c:66 (discriminator 3)
            for(i = 0; i < 2000; i++)
200002f0:	ff6d                	bnez	a4,200002ea <SetSysClock+0x258>
sys_safe_access_enable():
d:\workspace\business_card\StdPeriphDriver\inc/CH58x_sys.h:182
   if(read_csr(0x800)&0x08)
200002f2:	80002773          	csrr	a4,0x800
200002f6:	8b21                	andi	a4,a4,8
200002f8:	cb09                	beqz	a4,2000030a <SetSysClock+0x278>
d:\workspace\business_card\StdPeriphDriver\inc/CH58x_sys.h:184
       IRQ_STA = read_csr(0x800);
200002fa:	80002773          	csrr	a4,0x800
200002fe:	84e1a023          	sw	a4,-1984(gp) # 200009e8 <IRQ_STA>
d:\workspace\business_card\StdPeriphDriver\inc/CH58x_sys.h:185
       write_csr(0x800, (IRQ_STA&(~0x08)));
20000302:	4398                	lw	a4,0(a5)
20000304:	9b5d                	andi	a4,a4,-9
20000306:	80071073          	csrw	0x800,a4
d:\workspace\business_card\StdPeriphDriver\inc/CH58x_sys.h:187
   SAFEOPERATE;
2000030a:	0000100f          	fence.i
d:\workspace\business_card\StdPeriphDriver\inc/CH58x_sys.h:188
   R8_SAFE_ACCESS_SIG = SAFE_ACCESS_SIG1;
2000030e:	40001737          	lui	a4,0x40001
20000312:	05700693          	li	a3,87
20000316:	04d70023          	sb	a3,64(a4) # 40001040 <_eusrstack+0x1fff9040>
d:\workspace\business_card\StdPeriphDriver\inc/CH58x_sys.h:189
   R8_SAFE_ACCESS_SIG = SAFE_ACCESS_SIG2;
2000031a:	fa800693          	li	a3,-88
2000031e:	04d70023          	sb	a3,64(a4)
d:\workspace\business_card\StdPeriphDriver\inc/CH58x_sys.h:190
   SAFEOPERATE;
20000322:	0000100f          	fence.i
SetSysClock():
d:\workspace\business_card\obj/../StdPeriphDriver/CH58x_sys.c:73
        R16_CLK_SYS_CFG = (1 << 6) | (sc & 0x1f);
20000326:	01f57693          	andi	a3,a0,31
2000032a:	0406e693          	ori	a3,a3,64
2000032e:	00d71423          	sh	a3,8(a4)
d:\workspace\business_card\obj/../StdPeriphDriver/CH58x_sys.c:74
        __nop();
20000332:	0001                	nop
d:\workspace\business_card\obj/../StdPeriphDriver/CH58x_sys.c:75
        __nop();
20000334:	0001                	nop
d:\workspace\business_card\obj/../StdPeriphDriver/CH58x_sys.c:76
        __nop();
20000336:	0001                	nop
d:\workspace\business_card\obj/../StdPeriphDriver/CH58x_sys.c:77
        __nop();
20000338:	0001                	nop
sys_safe_access_disable():
d:\workspace\business_card\StdPeriphDriver\inc/CH58x_sys.h:195
   R8_SAFE_ACCESS_SIG = 0;
2000033a:	04070023          	sb	zero,64(a4)
d:\workspace\business_card\StdPeriphDriver\inc/CH58x_sys.h:196
   write_csr(0x800, read_csr(0x800)|(IRQ_STA&0x08));
2000033e:	800026f3          	csrr	a3,0x800
20000342:	4398                	lw	a4,0(a5)
20000344:	8b21                	andi	a4,a4,8
20000346:	8f55                	or	a4,a4,a3
20000348:	80071073          	csrw	0x800,a4
d:\workspace\business_card\StdPeriphDriver\inc/CH58x_sys.h:197
   IRQ_STA = 0;
2000034c:	8401a023          	sw	zero,-1984(gp) # 200009e8 <IRQ_STA>
d:\workspace\business_card\StdPeriphDriver\inc/CH58x_sys.h:198
   SAFEOPERATE;
20000350:	0000100f          	fence.i
SetSysClock():
d:\workspace\business_card\obj/../StdPeriphDriver/CH58x_sys.c:79
        if(sc == CLK_SOURCE_PLL_80MHz)
20000354:	04600713          	li	a4,70
20000358:	04e51063          	bne	a0,a4,20000398 <SetSysClock+0x306>
sys_safe_access_enable():
d:\workspace\business_card\StdPeriphDriver\inc/CH58x_sys.h:182
   if(read_csr(0x800)&0x08)
2000035c:	80002773          	csrr	a4,0x800
20000360:	8b21                	andi	a4,a4,8
20000362:	cb09                	beqz	a4,20000374 <SetSysClock+0x2e2>
d:\workspace\business_card\StdPeriphDriver\inc/CH58x_sys.h:184
       IRQ_STA = read_csr(0x800);
20000364:	80002773          	csrr	a4,0x800
20000368:	84e1a023          	sw	a4,-1984(gp) # 200009e8 <IRQ_STA>
d:\workspace\business_card\StdPeriphDriver\inc/CH58x_sys.h:185
       write_csr(0x800, (IRQ_STA&(~0x08)));
2000036c:	4398                	lw	a4,0(a5)
2000036e:	9b5d                	andi	a4,a4,-9
20000370:	80071073          	csrw	0x800,a4
d:\workspace\business_card\StdPeriphDriver\inc/CH58x_sys.h:187
   SAFEOPERATE;
20000374:	0000100f          	fence.i
d:\workspace\business_card\StdPeriphDriver\inc/CH58x_sys.h:188
   R8_SAFE_ACCESS_SIG = SAFE_ACCESS_SIG1;
20000378:	40001737          	lui	a4,0x40001
2000037c:	05700693          	li	a3,87
20000380:	04d70023          	sb	a3,64(a4) # 40001040 <_eusrstack+0x1fff9040>
d:\workspace\business_card\StdPeriphDriver\inc/CH58x_sys.h:189
   R8_SAFE_ACCESS_SIG = SAFE_ACCESS_SIG2;
20000384:	fa800693          	li	a3,-88
20000388:	04d70023          	sb	a3,64(a4)
d:\workspace\business_card\StdPeriphDriver\inc/CH58x_sys.h:190
   SAFEOPERATE;
2000038c:	0000100f          	fence.i
SetSysClock():
d:\workspace\business_card\obj/../StdPeriphDriver/CH58x_sys.c:82
            R8_FLASH_CFG = 0X02;
20000390:	400026b7          	lui	a3,0x40002
20000394:	4609                	li	a2,2
20000396:	b5b5                	j	20000202 <SetSysClock+0x170>
sys_safe_access_enable():
d:\workspace\business_card\StdPeriphDriver\inc/CH58x_sys.h:182
   if(read_csr(0x800)&0x08)
20000398:	80002773          	csrr	a4,0x800
2000039c:	8b21                	andi	a4,a4,8
2000039e:	cb09                	beqz	a4,200003b0 <SetSysClock+0x31e>
d:\workspace\business_card\StdPeriphDriver\inc/CH58x_sys.h:184
       IRQ_STA = read_csr(0x800);
200003a0:	80002773          	csrr	a4,0x800
200003a4:	84e1a023          	sw	a4,-1984(gp) # 200009e8 <IRQ_STA>
d:\workspace\business_card\StdPeriphDriver\inc/CH58x_sys.h:185
       write_csr(0x800, (IRQ_STA&(~0x08)));
200003a8:	4398                	lw	a4,0(a5)
200003aa:	9b5d                	andi	a4,a4,-9
200003ac:	80071073          	csrw	0x800,a4
d:\workspace\business_card\StdPeriphDriver\inc/CH58x_sys.h:187
   SAFEOPERATE;
200003b0:	0000100f          	fence.i
d:\workspace\business_card\StdPeriphDriver\inc/CH58x_sys.h:188
   R8_SAFE_ACCESS_SIG = SAFE_ACCESS_SIG1;
200003b4:	40001737          	lui	a4,0x40001
200003b8:	05700693          	li	a3,87
200003bc:	04d70023          	sb	a3,64(a4) # 40001040 <_eusrstack+0x1fff9040>
d:\workspace\business_card\StdPeriphDriver\inc/CH58x_sys.h:189
   R8_SAFE_ACCESS_SIG = SAFE_ACCESS_SIG2;
200003c0:	fa800693          	li	a3,-88
200003c4:	04d70023          	sb	a3,64(a4)
d:\workspace\business_card\StdPeriphDriver\inc/CH58x_sys.h:190
   SAFEOPERATE;
200003c8:	0000100f          	fence.i
SetSysClock():
d:\workspace\business_card\obj/../StdPeriphDriver/CH58x_sys.c:88
            R8_FLASH_CFG = 0X52;
200003cc:	400026b7          	lui	a3,0x40002
200003d0:	05200613          	li	a2,82
200003d4:	b53d                	j	20000202 <SetSysClock+0x170>
sys_safe_access_enable():
d:\workspace\business_card\StdPeriphDriver\inc/CH58x_sys.h:182
   if(read_csr(0x800)&0x08)
200003d6:	80002773          	csrr	a4,0x800
200003da:	8b21                	andi	a4,a4,8
200003dc:	cb09                	beqz	a4,200003ee <SetSysClock+0x35c>
d:\workspace\business_card\StdPeriphDriver\inc/CH58x_sys.h:184
       IRQ_STA = read_csr(0x800);
200003de:	80002773          	csrr	a4,0x800
200003e2:	84e1a023          	sw	a4,-1984(gp) # 200009e8 <IRQ_STA>
d:\workspace\business_card\StdPeriphDriver\inc/CH58x_sys.h:185
       write_csr(0x800, (IRQ_STA&(~0x08)));
200003e6:	4398                	lw	a4,0(a5)
200003e8:	9b5d                	andi	a4,a4,-9
200003ea:	80071073          	csrw	0x800,a4
d:\workspace\business_card\StdPeriphDriver\inc/CH58x_sys.h:187
   SAFEOPERATE;
200003ee:	0000100f          	fence.i
d:\workspace\business_card\StdPeriphDriver\inc/CH58x_sys.h:188
   R8_SAFE_ACCESS_SIG = SAFE_ACCESS_SIG1;
200003f2:	40001737          	lui	a4,0x40001
200003f6:	05700693          	li	a3,87
200003fa:	04d70023          	sb	a3,64(a4) # 40001040 <_eusrstack+0x1fff9040>
d:\workspace\business_card\StdPeriphDriver\inc/CH58x_sys.h:189
   R8_SAFE_ACCESS_SIG = SAFE_ACCESS_SIG2;
200003fe:	fa800693          	li	a3,-88
20000402:	04d70023          	sb	a3,64(a4)
d:\workspace\business_card\StdPeriphDriver\inc/CH58x_sys.h:190
   SAFEOPERATE;
20000406:	0000100f          	fence.i
SetSysClock():
d:\workspace\business_card\obj/../StdPeriphDriver/CH58x_sys.c:95
        R16_CLK_SYS_CFG |= RB_CLK_SYS_MOD;
2000040a:	00875683          	lhu	a3,8(a4)
2000040e:	0c06e693          	ori	a3,a3,192
20000412:	00d71423          	sh	a3,8(a4)
20000416:	bbc5                	j	20000206 <SetSysClock+0x174>

20000418 <SYS_ResetExecute>:
SYS_ResetExecute():
d:\workspace\business_card\obj/../StdPeriphDriver/CH58x_sys.c:164
 *
 * @return  none
 */
__HIGH_CODE
void SYS_ResetExecute(void)
{
20000418:	1141                	addi	sp,sp,-16
d:\workspace\business_card\obj/../StdPeriphDriver/CH58x_sys.c:165
    FLASH_ROM_SW_RESET();
2000041a:	4681                	li	a3,0
2000041c:	4601                	li	a2,0
2000041e:	4581                	li	a1,0
20000420:	4511                	li	a0,4
d:\workspace\business_card\obj/../StdPeriphDriver/CH58x_sys.c:164
{
20000422:	c606                	sw	ra,12(sp)
d:\workspace\business_card\obj/../StdPeriphDriver/CH58x_sys.c:165
    FLASH_ROM_SW_RESET();
20000424:	2c19                	jal	2000063a <FLASH_EEPROM_CMD>
sys_safe_access_enable():
d:\workspace\business_card\StdPeriphDriver\inc/CH58x_sys.h:182
   if(read_csr(0x800)&0x08)
20000426:	800027f3          	csrr	a5,0x800
2000042a:	8ba1                	andi	a5,a5,8
2000042c:	84018693          	addi	a3,gp,-1984 # 200009e8 <IRQ_STA>
20000430:	cb89                	beqz	a5,20000442 <SYS_ResetExecute+0x2a>
d:\workspace\business_card\StdPeriphDriver\inc/CH58x_sys.h:184
       IRQ_STA = read_csr(0x800);
20000432:	800027f3          	csrr	a5,0x800
20000436:	84f1a023          	sw	a5,-1984(gp) # 200009e8 <IRQ_STA>
d:\workspace\business_card\StdPeriphDriver\inc/CH58x_sys.h:185
       write_csr(0x800, (IRQ_STA&(~0x08)));
2000043a:	429c                	lw	a5,0(a3)
2000043c:	9bdd                	andi	a5,a5,-9
2000043e:	80079073          	csrw	0x800,a5
d:\workspace\business_card\StdPeriphDriver\inc/CH58x_sys.h:187
   SAFEOPERATE;
20000442:	0000100f          	fence.i
d:\workspace\business_card\StdPeriphDriver\inc/CH58x_sys.h:188
   R8_SAFE_ACCESS_SIG = SAFE_ACCESS_SIG1;
20000446:	400017b7          	lui	a5,0x40001
2000044a:	05700713          	li	a4,87
2000044e:	04e78023          	sb	a4,64(a5) # 40001040 <_eusrstack+0x1fff9040>
d:\workspace\business_card\StdPeriphDriver\inc/CH58x_sys.h:189
   R8_SAFE_ACCESS_SIG = SAFE_ACCESS_SIG2;
20000452:	fa800713          	li	a4,-88
20000456:	04e78023          	sb	a4,64(a5)
d:\workspace\business_card\StdPeriphDriver\inc/CH58x_sys.h:190
   SAFEOPERATE;
2000045a:	0000100f          	fence.i
SYS_ResetExecute():
d:\workspace\business_card\obj/../StdPeriphDriver/CH58x_sys.c:167
    sys_safe_access_enable();
    R8_RST_WDOG_CTRL |= RB_SOFTWARE_RESET;
2000045e:	0467c703          	lbu	a4,70(a5)
20000462:	00176713          	ori	a4,a4,1
20000466:	04e78323          	sb	a4,70(a5)
sys_safe_access_disable():
d:\workspace\business_card\StdPeriphDriver\inc/CH58x_sys.h:195
   R8_SAFE_ACCESS_SIG = 0;
2000046a:	04078023          	sb	zero,64(a5)
d:\workspace\business_card\StdPeriphDriver\inc/CH58x_sys.h:196
   write_csr(0x800, read_csr(0x800)|(IRQ_STA&0x08));
2000046e:	80002773          	csrr	a4,0x800
20000472:	429c                	lw	a5,0(a3)
20000474:	8ba1                	andi	a5,a5,8
20000476:	8fd9                	or	a5,a5,a4
20000478:	80079073          	csrw	0x800,a5
d:\workspace\business_card\StdPeriphDriver\inc/CH58x_sys.h:197
   IRQ_STA = 0;
2000047c:	8401a023          	sw	zero,-1984(gp) # 200009e8 <IRQ_STA>
d:\workspace\business_card\StdPeriphDriver\inc/CH58x_sys.h:198
   SAFEOPERATE;
20000480:	0000100f          	fence.i
SYS_ResetExecute():
d:\workspace\business_card\obj/../StdPeriphDriver/CH58x_sys.c:169
    sys_safe_access_disable();
}
20000484:	40b2                	lw	ra,12(sp)
20000486:	0141                	addi	sp,sp,16
20000488:	8082                	ret

2000048a <HardFault_Handler>:
HardFault_Handler():
d:\workspace\business_card\obj/../StdPeriphDriver/CH58x_sys.c:304
__INTERRUPT
__HIGH_CODE
__attribute__((weak))
void HardFault_Handler(void)
{
    FLASH_ROM_SW_RESET();
2000048a:	4681                	li	a3,0
2000048c:	4601                	li	a2,0
2000048e:	4581                	li	a1,0
20000490:	4511                	li	a0,4
20000492:	2265                	jal	2000063a <FLASH_EEPROM_CMD>
sys_safe_access_enable():
d:\workspace\business_card\StdPeriphDriver\inc/CH58x_sys.h:182
   if(read_csr(0x800)&0x08)
20000494:	800027f3          	csrr	a5,0x800
20000498:	8ba1                	andi	a5,a5,8
2000049a:	84018713          	addi	a4,gp,-1984 # 200009e8 <IRQ_STA>
2000049e:	cb89                	beqz	a5,200004b0 <HardFault_Handler+0x26>
d:\workspace\business_card\StdPeriphDriver\inc/CH58x_sys.h:184
       IRQ_STA = read_csr(0x800);
200004a0:	800027f3          	csrr	a5,0x800
200004a4:	84f1a023          	sw	a5,-1984(gp) # 200009e8 <IRQ_STA>
d:\workspace\business_card\StdPeriphDriver\inc/CH58x_sys.h:185
       write_csr(0x800, (IRQ_STA&(~0x08)));
200004a8:	431c                	lw	a5,0(a4)
200004aa:	9bdd                	andi	a5,a5,-9
200004ac:	80079073          	csrw	0x800,a5
d:\workspace\business_card\StdPeriphDriver\inc/CH58x_sys.h:187
   SAFEOPERATE;
200004b0:	0000100f          	fence.i
d:\workspace\business_card\StdPeriphDriver\inc/CH58x_sys.h:188
   R8_SAFE_ACCESS_SIG = SAFE_ACCESS_SIG1;
200004b4:	400017b7          	lui	a5,0x40001
200004b8:	05700693          	li	a3,87
200004bc:	04d78023          	sb	a3,64(a5) # 40001040 <_eusrstack+0x1fff9040>
d:\workspace\business_card\StdPeriphDriver\inc/CH58x_sys.h:189
   R8_SAFE_ACCESS_SIG = SAFE_ACCESS_SIG2;
200004c0:	fa800693          	li	a3,-88
200004c4:	04d78023          	sb	a3,64(a5)
d:\workspace\business_card\StdPeriphDriver\inc/CH58x_sys.h:190
   SAFEOPERATE;
200004c8:	0000100f          	fence.i
HardFault_Handler():
d:\workspace\business_card\obj/../StdPeriphDriver/CH58x_sys.c:306
    sys_safe_access_enable();
    R16_INT32K_TUNE = 0xFFFF;
200004cc:	56fd                	li	a3,-1
200004ce:	02d79623          	sh	a3,44(a5)
sys_safe_access_disable():
d:\workspace\business_card\StdPeriphDriver\inc/CH58x_sys.h:195
   R8_SAFE_ACCESS_SIG = 0;
200004d2:	04078023          	sb	zero,64(a5)
d:\workspace\business_card\StdPeriphDriver\inc/CH58x_sys.h:196
   write_csr(0x800, read_csr(0x800)|(IRQ_STA&0x08));
200004d6:	800026f3          	csrr	a3,0x800
200004da:	431c                	lw	a5,0(a4)
200004dc:	8ba1                	andi	a5,a5,8
200004de:	8fd5                	or	a5,a5,a3
200004e0:	80079073          	csrw	0x800,a5
d:\workspace\business_card\StdPeriphDriver\inc/CH58x_sys.h:197
   IRQ_STA = 0;
200004e4:	8401a023          	sw	zero,-1984(gp) # 200009e8 <IRQ_STA>
d:\workspace\business_card\StdPeriphDriver\inc/CH58x_sys.h:198
   SAFEOPERATE;
200004e8:	0000100f          	fence.i
sys_safe_access_enable():
d:\workspace\business_card\StdPeriphDriver\inc/CH58x_sys.h:182
   if(read_csr(0x800)&0x08)
200004ec:	800027f3          	csrr	a5,0x800
200004f0:	8ba1                	andi	a5,a5,8
200004f2:	cb89                	beqz	a5,20000504 <HardFault_Handler+0x7a>
d:\workspace\business_card\StdPeriphDriver\inc/CH58x_sys.h:184
       IRQ_STA = read_csr(0x800);
200004f4:	800027f3          	csrr	a5,0x800
200004f8:	84f1a023          	sw	a5,-1984(gp) # 200009e8 <IRQ_STA>
d:\workspace\business_card\StdPeriphDriver\inc/CH58x_sys.h:185
       write_csr(0x800, (IRQ_STA&(~0x08)));
200004fc:	431c                	lw	a5,0(a4)
200004fe:	9bdd                	andi	a5,a5,-9
20000500:	80079073          	csrw	0x800,a5
d:\workspace\business_card\StdPeriphDriver\inc/CH58x_sys.h:187
   SAFEOPERATE;
20000504:	0000100f          	fence.i
d:\workspace\business_card\StdPeriphDriver\inc/CH58x_sys.h:188
   R8_SAFE_ACCESS_SIG = SAFE_ACCESS_SIG1;
20000508:	400017b7          	lui	a5,0x40001
2000050c:	05700693          	li	a3,87
20000510:	04d78023          	sb	a3,64(a5) # 40001040 <_eusrstack+0x1fff9040>
d:\workspace\business_card\StdPeriphDriver\inc/CH58x_sys.h:189
   R8_SAFE_ACCESS_SIG = SAFE_ACCESS_SIG2;
20000514:	fa800693          	li	a3,-88
20000518:	04d78023          	sb	a3,64(a5)
d:\workspace\business_card\StdPeriphDriver\inc/CH58x_sys.h:190
   SAFEOPERATE;
2000051c:	0000100f          	fence.i
HardFault_Handler():
d:\workspace\business_card\obj/../StdPeriphDriver/CH58x_sys.c:309
	sys_safe_access_disable();
    sys_safe_access_enable();
    R8_RST_WDOG_CTRL |= RB_SOFTWARE_RESET;
20000520:	0467c683          	lbu	a3,70(a5)
20000524:	0016e693          	ori	a3,a3,1
20000528:	04d78323          	sb	a3,70(a5)
sys_safe_access_disable():
d:\workspace\business_card\StdPeriphDriver\inc/CH58x_sys.h:195
   R8_SAFE_ACCESS_SIG = 0;
2000052c:	04078023          	sb	zero,64(a5)
d:\workspace\business_card\StdPeriphDriver\inc/CH58x_sys.h:196
   write_csr(0x800, read_csr(0x800)|(IRQ_STA&0x08));
20000530:	800026f3          	csrr	a3,0x800
20000534:	431c                	lw	a5,0(a4)
20000536:	8ba1                	andi	a5,a5,8
20000538:	8fd5                	or	a5,a5,a3
2000053a:	80079073          	csrw	0x800,a5
d:\workspace\business_card\StdPeriphDriver\inc/CH58x_sys.h:197
   IRQ_STA = 0;
2000053e:	8401a023          	sw	zero,-1984(gp) # 200009e8 <IRQ_STA>
d:\workspace\business_card\StdPeriphDriver\inc/CH58x_sys.h:198
   SAFEOPERATE;
20000542:	0000100f          	fence.i
HardFault_Handler():
d:\workspace\business_card\obj/../StdPeriphDriver/CH58x_sys.c:311 (discriminator 1)
    sys_safe_access_disable();
    while(1);
20000546:	a001                	j	20000546 <HardFault_Handler+0xbc>

20000548 <mDelayuS>:
mDelayuS():
d:\workspace\business_card\obj/../StdPeriphDriver/CH58x_sys.c:330
{
    uint32_t i;
#if(FREQ_SYS == 80000000)
    i = t * 20;
#elif(FREQ_SYS == 60000000)
    i = t * 15;
20000548:	47bd                	li	a5,15
2000054a:	02f50533          	mul	a0,a0,a5
d:\workspace\business_card\obj/../StdPeriphDriver/CH58x_sys.c:354 (discriminator 1)
#else
    i = t << 1;
#endif
    do
    {
        __nop();
2000054e:	0001                	nop
d:\workspace\business_card\obj/../StdPeriphDriver/CH58x_sys.c:355 (discriminator 1)
    } while(--i);
20000550:	157d                	addi	a0,a0,-1
20000552:	fd75                	bnez	a0,2000054e <mDelayuS+0x6>
d:\workspace\business_card\obj/../StdPeriphDriver/CH58x_sys.c:356
}
20000554:	8082                	ret

20000556 <mDelaymS>:
mDelaymS():
d:\workspace\business_card\obj/../StdPeriphDriver/CH58x_sys.c:369
 *
 * @return  none
 */
__HIGH_CODE
void mDelaymS(uint16_t t)
{
20000556:	1141                	addi	sp,sp,-16
20000558:	c422                	sw	s0,8(sp)
2000055a:	c226                	sw	s1,4(sp)
2000055c:	c606                	sw	ra,12(sp)
2000055e:	84aa                	mv	s1,a0
d:\workspace\business_card\obj/../StdPeriphDriver/CH58x_sys.c:372
    uint16_t i;

    for(i = 0; i < t; i++)
20000560:	4401                	li	s0,0
d:\workspace\business_card\obj/../StdPeriphDriver/CH58x_sys.c:372 (discriminator 1)
20000562:	00941763          	bne	s0,s1,20000570 <mDelaymS+0x1a>
d:\workspace\business_card\obj/../StdPeriphDriver/CH58x_sys.c:376
    {
        mDelayuS(1000);
    }
}
20000566:	40b2                	lw	ra,12(sp)
20000568:	4422                	lw	s0,8(sp)
2000056a:	4492                	lw	s1,4(sp)
2000056c:	0141                	addi	sp,sp,16
2000056e:	8082                	ret
d:\workspace\business_card\obj/../StdPeriphDriver/CH58x_sys.c:372 (discriminator 3)
    for(i = 0; i < t; i++)
20000570:	0405                	addi	s0,s0,1
d:\workspace\business_card\obj/../StdPeriphDriver/CH58x_sys.c:374 (discriminator 3)
        mDelayuS(1000);
20000572:	3e800513          	li	a0,1000
d:\workspace\business_card\obj/../StdPeriphDriver/CH58x_sys.c:372 (discriminator 3)
    for(i = 0; i < t; i++)
20000576:	0442                	slli	s0,s0,0x10
d:\workspace\business_card\obj/../StdPeriphDriver/CH58x_sys.c:374 (discriminator 3)
        mDelayuS(1000);
20000578:	3fc1                	jal	20000548 <mDelayuS>
d:\workspace\business_card\obj/../StdPeriphDriver/CH58x_sys.c:372 (discriminator 3)
    for(i = 0; i < t; i++)
2000057a:	8041                	srli	s0,s0,0x10
2000057c:	b7dd                	j	20000562 <mDelaymS+0xc>

2000057e <FLASH_ROM_BEG>:
FLASH_ROM_BEG():
2000057e:	80040323          	sb	zero,-2042(s0)
20000582:	4715                	li	a4,5
20000584:	80e40323          	sb	a4,-2042(s0)
20000588:	0001                	nop
2000058a:	80a40223          	sb	a0,-2044(s0)
2000058e:	8082                	ret

20000590 <FLASH_ROM_END>:
FLASH_ROM_END():
20000590:	80640783          	lb	a5,-2042(s0)
20000594:	fe07cee3          	bltz	a5,20000590 <FLASH_ROM_END>
20000598:	80040323          	sb	zero,-2042(s0)
2000059c:	8082                	ret

2000059e <FLASH_ROM_IN>:
FLASH_ROM_IN():
2000059e:	80640783          	lb	a5,-2042(s0)
200005a2:	fe07cee3          	bltz	a5,2000059e <FLASH_ROM_IN>
200005a6:	80444503          	lbu	a0,-2044(s0)
200005aa:	8082                	ret

200005ac <FLASH_ROM_OUT>:
FLASH_ROM_OUT():
200005ac:	80640783          	lb	a5,-2042(s0)
200005b0:	fe07cee3          	bltz	a5,200005ac <FLASH_ROM_OUT>
200005b4:	80a40223          	sb	a0,-2044(s0)
200005b8:	8082                	ret

200005ba <FLASH_ROM_ADDR>:
FLASH_ROM_ADDR():
200005ba:	1141                	addi	sp,sp,-16
200005bc:	c426                	sw	s1,8(sp)
200005be:	c24a                	sw	s2,4(sp)
200005c0:	c04e                	sw	s3,0(sp)
200005c2:	c606                	sw	ra,12(sp)
200005c4:	0bf57713          	andi	a4,a0,191
200005c8:	47ad                	li	a5,11
200005ca:	89aa                	mv	s3,a0
200005cc:	892e                	mv	s2,a1
200005ce:	4495                	li	s1,5
200005d0:	00f70663          	beq	a4,a5,200005dc <FLASH_ROM_ADDR+0x22>
200005d4:	4519                	li	a0,6
200005d6:	3765                	jal	2000057e <FLASH_ROM_BEG>
200005d8:	3f65                	jal	20000590 <FLASH_ROM_END>
200005da:	448d                	li	s1,3
200005dc:	854e                	mv	a0,s3
200005de:	3745                	jal	2000057e <FLASH_ROM_BEG>
200005e0:	59fd                	li	s3,-1
200005e2:	14fd                	addi	s1,s1,-1
200005e4:	01349863          	bne	s1,s3,200005f4 <FLASH_ROM_ADDR+0x3a>
200005e8:	40b2                	lw	ra,12(sp)
200005ea:	44a2                	lw	s1,8(sp)
200005ec:	4912                	lw	s2,4(sp)
200005ee:	4982                	lw	s3,0(sp)
200005f0:	0141                	addi	sp,sp,16
200005f2:	8082                	ret
200005f4:	01095513          	srli	a0,s2,0x10
200005f8:	0ff57513          	andi	a0,a0,255
200005fc:	3f45                	jal	200005ac <FLASH_ROM_OUT>
200005fe:	0922                	slli	s2,s2,0x8
20000600:	b7cd                	j	200005e2 <FLASH_ROM_ADDR+0x28>

20000602 <FLASH_ROM_WAIT>:
FLASH_ROM_WAIT():
20000602:	1101                	addi	sp,sp,-32
20000604:	cc26                	sw	s1,24(sp)
20000606:	ce06                	sw	ra,28(sp)
20000608:	000804b7          	lui	s1,0x80
2000060c:	3751                	jal	20000590 <FLASH_ROM_END>
2000060e:	4515                	li	a0,5
20000610:	37bd                	jal	2000057e <FLASH_ROM_BEG>
20000612:	3771                	jal	2000059e <FLASH_ROM_IN>
20000614:	3769                	jal	2000059e <FLASH_ROM_IN>
20000616:	c62a                	sw	a0,12(sp)
20000618:	3fa5                	jal	20000590 <FLASH_ROM_END>
2000061a:	4532                	lw	a0,12(sp)
2000061c:	00157793          	andi	a5,a0,1
20000620:	eb89                	bnez	a5,20000632 <FLASH_ROM_WAIT+0x30>
20000622:	00156513          	ori	a0,a0,1
20000626:	0ff57513          	andi	a0,a0,255
2000062a:	40f2                	lw	ra,28(sp)
2000062c:	44e2                	lw	s1,24(sp)
2000062e:	6105                	addi	sp,sp,32
20000630:	8082                	ret
20000632:	14fd                	addi	s1,s1,-1
20000634:	fce9                	bnez	s1,2000060e <FLASH_ROM_WAIT+0xc>
20000636:	4501                	li	a0,0
20000638:	bfcd                	j	2000062a <FLASH_ROM_WAIT+0x28>

2000063a <FLASH_EEPROM_CMD>:
FLASH_EEPROM_CMD():
2000063a:	7139                	addi	sp,sp,-64
2000063c:	dc26                	sw	s1,56(sp)
2000063e:	da4a                	sw	s2,52(sp)
20000640:	d84e                	sw	s3,48(sp)
20000642:	d652                	sw	s4,44(sp)
20000644:	d456                	sw	s5,40(sp)
20000646:	d25a                	sw	s6,36(sp)
20000648:	d05e                	sw	s7,32(sp)
2000064a:	de06                	sw	ra,60(sp)
2000064c:	ce62                	sw	s8,28(sp)
2000064e:	cc66                	sw	s9,24(sp)
20000650:	e000e7b7          	lui	a5,0xe000e
20000654:	577d                	li	a4,-1
20000656:	0007aa83          	lw	s5,0(a5) # e000e000 <_eusrstack+0xc0006000>
2000065a:	c622                	sw	s0,12(sp)
2000065c:	0047aa03          	lw	s4,4(a5)
20000660:	18e7a023          	sw	a4,384(a5)
20000664:	18e7a223          	sw	a4,388(a5)
20000668:	400017b7          	lui	a5,0x40001
2000066c:	05700713          	li	a4,87
20000670:	04e78023          	sb	a4,64(a5) # 40001040 <_eusrstack+0x1fff9040>
20000674:	fa800713          	li	a4,-88
20000678:	04e78023          	sb	a4,64(a5)
2000067c:	0447c783          	lbu	a5,68(a5)
20000680:	ff750b93          	addi	s7,a0,-9
20000684:	84b6                	mv	s1,a3
20000686:	07e2                	slli	a5,a5,0x18
20000688:	0ffbfb93          	andi	s7,s7,255
2000068c:	4685                	li	a3,1
2000068e:	89aa                	mv	s3,a0
20000690:	8b2e                	mv	s6,a1
20000692:	8932                	mv	s2,a2
20000694:	40002437          	lui	s0,0x40002
20000698:	87e1                	srai	a5,a5,0x18
2000069a:	5701                	li	a4,-32
2000069c:	0176fa63          	bgeu	a3,s7,200006b0 <FLASH_EEPROM_CMD+0x76>
200006a0:	00d50863          	beq	a0,a3,200006b0 <FLASH_EEPROM_CMD+0x76>
200006a4:	4689                	li	a3,2
200006a6:	02000713          	li	a4,32
200006aa:	00d51363          	bne	a0,a3,200006b0 <FLASH_EEPROM_CMD+0x76>
200006ae:	5701                	li	a4,-32
200006b0:	8fd9                	or	a5,a5,a4
200006b2:	0ff7f793          	andi	a5,a5,255
200006b6:	40001cb7          	lui	s9,0x40001
200006ba:	04fc8223          	sb	a5,68(s9) # 40001044 <_eusrstack+0x1fff9044>
200006be:	4711                	li	a4,4
200006c0:	80e40323          	sb	a4,-2042(s0) # 40001806 <_eusrstack+0x1fff9806>
200006c4:	0ff00513          	li	a0,255
200006c8:	3d5d                	jal	2000057e <FLASH_ROM_BEG>
200006ca:	4c09                	li	s8,2
200006cc:	35d1                	jal	20000590 <FLASH_ROM_END>
200006ce:	117c6d63          	bltu	s8,s7,200007e8 <FLASH_EEPROM_CMD+0x1ae>
200006d2:	000705b7          	lui	a1,0x70
200006d6:	95da                	add	a1,a1,s6
200006d8:	00078737          	lui	a4,0x78
200006dc:	5579                	li	a0,-2
200006de:	04e5f263          	bgeu	a1,a4,20000722 <FLASH_EEPROM_CMD+0xe8>
200006e2:	009587b3          	add	a5,a1,s1
200006e6:	02f76e63          	bltu	a4,a5,20000722 <FLASH_EEPROM_CMD+0xe8>
200006ea:	00080b37          	lui	s6,0x80
200006ee:	47a9                	li	a5,10
200006f0:	0165eb33          	or	s6,a1,s6
200006f4:	06f99963          	bne	s3,a5,20000766 <FLASH_EEPROM_CMD+0x12c>
200006f8:	e489                	bnez	s1,20000702 <FLASH_EEPROM_CMD+0xc8>
200006fa:	4481                	li	s1,0
200006fc:	3d51                	jal	20000590 <FLASH_ROM_END>
200006fe:	8526                	mv	a0,s1
20000700:	a00d                	j	20000722 <FLASH_EEPROM_CMD+0xe8>
20000702:	85da                	mv	a1,s6
20000704:	4509                	li	a0,2
20000706:	3d55                	jal	200005ba <FLASH_ROM_ADDR>
20000708:	0905                	addi	s2,s2,1
2000070a:	fff94503          	lbu	a0,-1(s2)
2000070e:	14fd                	addi	s1,s1,-1
20000710:	0b05                	addi	s6,s6,1
20000712:	3d69                	jal	200005ac <FLASH_ROM_OUT>
20000714:	c481                	beqz	s1,2000071c <FLASH_EEPROM_CMD+0xe2>
20000716:	0ffb7793          	andi	a5,s6,255
2000071a:	f7fd                	bnez	a5,20000708 <FLASH_EEPROM_CMD+0xce>
2000071c:	35dd                	jal	20000602 <FLASH_ROM_WAIT>
2000071e:	fd69                	bnez	a0,200006f8 <FLASH_EEPROM_CMD+0xbe>
20000720:	557d                	li	a0,-1
20000722:	400017b7          	lui	a5,0x40001
20000726:	05700713          	li	a4,87
2000072a:	04e78023          	sb	a4,64(a5) # 40001040 <_eusrstack+0x1fff9040>
2000072e:	fa800713          	li	a4,-88
20000732:	04e78023          	sb	a4,64(a5)
20000736:	0447c703          	lbu	a4,68(a5)
2000073a:	8b41                	andi	a4,a4,16
2000073c:	04e78223          	sb	a4,68(a5)
20000740:	50f2                	lw	ra,60(sp)
20000742:	e000e7b7          	lui	a5,0xe000e
20000746:	1157a023          	sw	s5,256(a5) # e000e100 <_eusrstack+0xc0006100>
2000074a:	1147a223          	sw	s4,260(a5)
2000074e:	54e2                	lw	s1,56(sp)
20000750:	4432                	lw	s0,12(sp)
20000752:	5952                	lw	s2,52(sp)
20000754:	59c2                	lw	s3,48(sp)
20000756:	5a32                	lw	s4,44(sp)
20000758:	5aa2                	lw	s5,40(sp)
2000075a:	5b12                	lw	s6,36(sp)
2000075c:	5b82                	lw	s7,32(sp)
2000075e:	4c72                	lw	s8,28(sp)
20000760:	4ce2                	lw	s9,24(sp)
20000762:	6121                	addi	sp,sp,64
20000764:	8082                	ret
20000766:	47a5                	li	a5,9
20000768:	06f99563          	bne	s3,a5,200007d2 <FLASH_EEPROM_CMD+0x198>
2000076c:	6985                	lui	s3,0x1
2000076e:	0ff00913          	li	s2,255
20000772:	009906b3          	add	a3,s2,s1
20000776:	012b74b3          	and	s1,s6,s2
2000077a:	94b6                	add	s1,s1,a3
2000077c:	fff94913          	not	s2,s2
20000780:	009974b3          	and	s1,s2,s1
20000784:	6b85                	lui	s7,0x1
20000786:	01697933          	and	s2,s2,s6
2000078a:	6b41                	lui	s6,0x10
2000078c:	fff98793          	addi	a5,s3,-1 # fff <USB_Poll+0x32f>
20000790:	0127f7b3          	and	a5,a5,s2
20000794:	e399                	bnez	a5,2000079a <FLASH_EEPROM_CMD+0x160>
20000796:	0134fc63          	bgeu	s1,s3,200007ae <FLASH_EEPROM_CMD+0x174>
2000079a:	0049d993          	srli	s3,s3,0x4
2000079e:	47c1                	li	a5,16
200007a0:	ff37e6e3          	bltu	a5,s3,2000078c <FLASH_EEPROM_CMD+0x152>
200007a4:	bf99                	j	200006fa <FLASH_EEPROM_CMD+0xc0>
200007a6:	6905                	lui	s2,0x1
200007a8:	69c1                	lui	s3,0x10
200007aa:	197d                	addi	s2,s2,-1
200007ac:	b7d9                	j	20000772 <FLASH_EEPROM_CMD+0x138>
200007ae:	0d800513          	li	a0,216
200007b2:	01698863          	beq	s3,s6,200007c2 <FLASH_EEPROM_CMD+0x188>
200007b6:	02000513          	li	a0,32
200007ba:	01798463          	beq	s3,s7,200007c2 <FLASH_EEPROM_CMD+0x188>
200007be:	08100513          	li	a0,129
200007c2:	85ca                	mv	a1,s2
200007c4:	3bdd                	jal	200005ba <FLASH_ROM_ADDR>
200007c6:	3d35                	jal	20000602 <FLASH_ROM_WAIT>
200007c8:	dd21                	beqz	a0,20000720 <FLASH_EEPROM_CMD+0xe6>
200007ca:	994e                	add	s2,s2,s3
200007cc:	413484b3          	sub	s1,s1,s3
200007d0:	b7d9                	j	20000796 <FLASH_EEPROM_CMD+0x15c>
200007d2:	85da                	mv	a1,s6
200007d4:	452d                	li	a0,11
200007d6:	33d5                	jal	200005ba <FLASH_ROM_ADDR>
200007d8:	94ca                	add	s1,s1,s2
200007da:	f29900e3          	beq	s2,s1,200006fa <FLASH_EEPROM_CMD+0xc0>
200007de:	0905                	addi	s2,s2,1
200007e0:	3b7d                	jal	2000059e <FLASH_ROM_IN>
200007e2:	fea90fa3          	sb	a0,-1(s2) # fff <USB_Poll+0x32f>
200007e6:	bfd5                	j	200007da <FLASH_EEPROM_CMD+0x1a0>
200007e8:	fff98793          	addi	a5,s3,-1 # ffff <_data_lma+0xe343>
200007ec:	0ff7f793          	andi	a5,a5,255
200007f0:	0cfc6163          	bltu	s8,a5,200008b2 <.loop402+0x7a>
200007f4:	041cc783          	lbu	a5,65(s9)
200007f8:	08300713          	li	a4,131
200007fc:	04f71f63          	bne	a4,a5,2000085a <.loop402+0x22>
20000800:	00080737          	lui	a4,0x80
20000804:	04eb6b63          	bltu	s6,a4,2000085a <.loop402+0x22>
20000808:	009b07b3          	add	a5,s6,s1
2000080c:	001006b7          	lui	a3,0x100
20000810:	04d7f563          	bgeu	a5,a3,2000085a <.loop402+0x22>
20000814:	00eb4b33          	xor	s6,s6,a4
20000818:	4789                	li	a5,2
2000081a:	06f99363          	bne	s3,a5,20000880 <.loop402+0x48>
2000081e:	8089                	srli	s1,s1,0x2
20000820:	49d5                	li	s3,21
20000822:	ec048ce3          	beqz	s1,200006fa <FLASH_EEPROM_CMD+0xc0>
20000826:	85da                	mv	a1,s6
20000828:	4509                	li	a0,2
2000082a:	3b41                	jal	200005ba <FLASH_ROM_ADDR>
2000082c:	0911                	addi	s2,s2,4
2000082e:	ffc92703          	lw	a4,-4(s2)
20000832:	4791                	li	a5,4
20000834:	80e42023          	sw	a4,-2048(s0)

20000838 <.loop402>:
20000838:	80640703          	lb	a4,-2042(s0)
2000083c:	fe074ee3          	bltz	a4,20000838 <.loop402>
20000840:	81340323          	sb	s3,-2042(s0)
20000844:	17fd                	addi	a5,a5,-1
20000846:	fbed                	bnez	a5,20000838 <.loop402>
20000848:	14fd                	addi	s1,s1,-1
2000084a:	0b11                	addi	s6,s6,4
2000084c:	c481                	beqz	s1,20000854 <.loop402+0x1c>
2000084e:	0ffb7793          	andi	a5,s6,255
20000852:	ffe9                	bnez	a5,2000082c <FLASH_EEPROM_CMD+0x1f2>
20000854:	337d                	jal	20000602 <FLASH_ROM_WAIT>
20000856:	f571                	bnez	a0,20000822 <FLASH_EEPROM_CMD+0x1e8>
20000858:	b5e1                	j	20000720 <FLASH_EEPROM_CMD+0xe6>
2000085a:	400017b7          	lui	a5,0x40001
2000085e:	0457c703          	lbu	a4,69(a5) # 40001045 <_eusrstack+0x1fff9045>
20000862:	000807b7          	lui	a5,0x80
20000866:	02077713          	andi	a4,a4,32
2000086a:	e319                	bnez	a4,20000870 <.loop402+0x38>
2000086c:	000787b7          	lui	a5,0x78
20000870:	5579                	li	a0,-2
20000872:	eafb78e3          	bgeu	s6,a5,20000722 <FLASH_EEPROM_CMD+0xe8>
20000876:	009b0733          	add	a4,s6,s1
2000087a:	f8e7ffe3          	bgeu	a5,a4,20000818 <FLASH_EEPROM_CMD+0x1de>
2000087e:	b555                	j	20000722 <FLASH_EEPROM_CMD+0xe8>
20000880:	4785                	li	a5,1
20000882:	f2f982e3          	beq	s3,a5,200007a6 <FLASH_EEPROM_CMD+0x16c>
20000886:	85da                	mv	a1,s6
20000888:	452d                	li	a0,11
2000088a:	3b05                	jal	200005ba <FLASH_ROM_ADDR>
2000088c:	fff48993          	addi	s3,s1,-1 # 7ffff <_data_lma+0x7e343>
20000890:	e60485e3          	beqz	s1,200006fa <FLASH_EEPROM_CMD+0xc0>
20000894:	3329                	jal	2000059e <FLASH_ROM_IN>
20000896:	0039f793          	andi	a5,s3,3
2000089a:	eb91                	bnez	a5,200008ae <.loop402+0x76>
2000089c:	80042683          	lw	a3,-2048(s0)
200008a0:	00092703          	lw	a4,0(s2)
200008a4:	00490793          	addi	a5,s2,4
200008a8:	e4e69ae3          	bne	a3,a4,200006fc <FLASH_EEPROM_CMD+0xc2>
200008ac:	893e                	mv	s2,a5
200008ae:	84ce                	mv	s1,s3
200008b0:	bff1                	j	2000088c <.loop402+0x54>
200008b2:	47b5                	li	a5,13
200008b4:	00f99663          	bne	s3,a5,200008c0 <.loop402+0x88>
200008b8:	0b900513          	li	a0,185
200008bc:	31c9                	jal	2000057e <FLASH_ROM_BEG>
200008be:	bd35                	j	200006fa <FLASH_EEPROM_CMD+0xc0>
200008c0:	47b1                	li	a5,12
200008c2:	0ab00513          	li	a0,171
200008c6:	fef98be3          	beq	s3,a5,200008bc <.loop402+0x84>
200008ca:	4799                	li	a5,6
200008cc:	04f99163          	bne	s3,a5,2000090e <.loop402+0xd6>
200008d0:	000805b7          	lui	a1,0x80
200008d4:	00bb65b3          	or	a1,s6,a1
200008d8:	452d                	li	a0,11
200008da:	31c5                	jal	200005ba <FLASH_ROM_ADDR>
200008dc:	4481                	li	s1,0
200008de:	4b8d                	li	s7,3
200008e0:	49a1                	li	s3,8
200008e2:	3975                	jal	2000059e <FLASH_ROM_IN>
200008e4:	01749663          	bne	s1,s7,200008f0 <.loop402+0xb8>
200008e8:	80042783          	lw	a5,-2048(s0)
200008ec:	00f92023          	sw	a5,0(s2)
200008f0:	0485                	addi	s1,s1,1
200008f2:	ff3498e3          	bne	s1,s3,200008e2 <.loop402+0xaa>
200008f6:	80042783          	lw	a5,-2048(s0)
200008fa:	012b1713          	slli	a4,s6,0x12
200008fe:	00075563          	bgez	a4,20000908 <.loop402+0xd0>
20000902:	00f91223          	sh	a5,4(s2)
20000906:	bbd5                	j	200006fa <FLASH_EEPROM_CMD+0xc0>
20000908:	00f92223          	sw	a5,4(s2)
2000090c:	b3fd                	j	200006fa <FLASH_EEPROM_CMD+0xc0>
2000090e:	479d                	li	a5,7
20000910:	02f99963          	bne	s3,a5,20000942 <.loop402+0x10a>
20000914:	4581                	li	a1,0
20000916:	04b00513          	li	a0,75
2000091a:	3145                	jal	200005ba <FLASH_ROM_ADDR>
2000091c:	44bd                	li	s1,15
2000091e:	00092023          	sw	zero,0(s2)
20000922:	00092223          	sw	zero,4(s2)
20000926:	59fd                	li	s3,-1
20000928:	399d                	jal	2000059e <FLASH_ROM_IN>
2000092a:	0074f793          	andi	a5,s1,7
2000092e:	97ca                	add	a5,a5,s2
20000930:	0007c703          	lbu	a4,0(a5) # 78000 <_data_lma+0x76344>
20000934:	14fd                	addi	s1,s1,-1
20000936:	8d39                	xor	a0,a0,a4
20000938:	00a78023          	sb	a0,0(a5)
2000093c:	ff3496e3          	bne	s1,s3,20000928 <.loop402+0xf0>
20000940:	bb6d                	j	200006fa <FLASH_EEPROM_CMD+0xc0>
20000942:	47a1                	li	a5,8
20000944:	04f99263          	bne	s3,a5,20000988 <.loop402+0x150>
20000948:	396d                	jal	20000602 <FLASH_ROM_WAIT>
2000094a:	4481                	li	s1,0
2000094c:	000b0d63          	beqz	s6,20000966 <.loop402+0x12e>
20000950:	478d                	li	a5,3
20000952:	03c00493          	li	s1,60
20000956:	00fb0863          	beq	s6,a5,20000966 <.loop402+0x12e>
2000095a:	05000493          	li	s1,80
2000095e:	018b0463          	beq	s6,s8,20000966 <.loop402+0x12e>
20000962:	04400493          	li	s1,68
20000966:	07c57513          	andi	a0,a0,124
2000096a:	d89508e3          	beq	a0,s1,200006fa <FLASH_EEPROM_CMD+0xc0>
2000096e:	4519                	li	a0,6
20000970:	3139                	jal	2000057e <FLASH_ROM_BEG>
20000972:	3939                	jal	20000590 <FLASH_ROM_END>
20000974:	4505                	li	a0,1
20000976:	3121                	jal	2000057e <FLASH_ROM_BEG>
20000978:	8526                	mv	a0,s1
2000097a:	390d                	jal	200005ac <FLASH_ROM_OUT>
2000097c:	4509                	li	a0,2
2000097e:	313d                	jal	200005ac <FLASH_ROM_OUT>
20000980:	3149                	jal	20000602 <FLASH_ROM_WAIT>
20000982:	d6051ce3          	bnez	a0,200006fa <FLASH_EEPROM_CMD+0xc0>
20000986:	bb69                	j	20000720 <FLASH_EEPROM_CMD+0xe6>
20000988:	4791                	li	a5,4
2000098a:	00f99963          	bne	s3,a5,2000099c <.loop402+0x164>
2000098e:	06600513          	li	a0,102
20000992:	36f5                	jal	2000057e <FLASH_ROM_BEG>
20000994:	3ef5                	jal	20000590 <FLASH_ROM_END>
20000996:	09900513          	li	a0,153
2000099a:	b70d                	j	200008bc <.loop402+0x84>
2000099c:	d4098fe3          	beqz	s3,200006fa <FLASH_EEPROM_CMD+0xc0>
200009a0:	54f1                	li	s1,-4
200009a2:	bba9                	j	200006fc <FLASH_EEPROM_CMD+0xc2>

Disassembly of section .text:

000009a8 <handle_reset>:
handle_reset():
d:\workspace\business_card\obj/../Startup/startup_CH583.S:129
	.weak	handle_reset
	.align	1
handle_reset:
.option push 
.option	norelax 
	la gp, __global_pointer$
     9a8:	20001197          	auipc	gp,0x20001
     9ac:	80018193          	addi	gp,gp,-2048 # 200011a8 <__global_pointer$>
d:\workspace\business_card\obj/../Startup/startup_CH583.S:132
.option	pop 
1:
	la sp, _eusrstack 
     9b0:	20007117          	auipc	sp,0x20007
     9b4:	65010113          	addi	sp,sp,1616 # 20008000 <_eusrstack>
d:\workspace\business_card\obj/../Startup/startup_CH583.S:136

/* Load highcode code  section from flash to RAM */
2:
    la a0, _highcode_lma
     9b8:	00400513          	li	a0,4
d:\workspace\business_card\obj/../Startup/startup_CH583.S:137
    la a1, _highcode_vma_start
     9bc:	1ffff597          	auipc	a1,0x1ffff
     9c0:	64458593          	addi	a1,a1,1604 # 20000000 <_highcode_vma_start>
d:\workspace\business_card\obj/../Startup/startup_CH583.S:138
    la a2, _highcode_vma_end
     9c4:	20000617          	auipc	a2,0x20000
     9c8:	fe060613          	addi	a2,a2,-32 # 200009a4 <_highcode_vma_end>
d:\workspace\business_card\obj/../Startup/startup_CH583.S:139
    bgeu a1, a2, 2f
     9cc:	00c5fa63          	bgeu	a1,a2,9e0 <handle_reset+0x38>
d:\workspace\business_card\obj/../Startup/startup_CH583.S:141
1:
    lw t0, (a0)
     9d0:	00052283          	lw	t0,0(a0)
d:\workspace\business_card\obj/../Startup/startup_CH583.S:142
    sw t0, (a1)
     9d4:	0055a023          	sw	t0,0(a1)
d:\workspace\business_card\obj/../Startup/startup_CH583.S:143
    addi a0, a0, 4
     9d8:	0511                	addi	a0,a0,4
d:\workspace\business_card\obj/../Startup/startup_CH583.S:144
    addi a1, a1, 4
     9da:	0591                	addi	a1,a1,4
d:\workspace\business_card\obj/../Startup/startup_CH583.S:145
    bltu a1, a2, 1b
     9dc:	fec5eae3          	bltu	a1,a2,9d0 <handle_reset+0x28>
d:\workspace\business_card\obj/../Startup/startup_CH583.S:149

/* Load data section from flash to RAM */
2:
	la a0, _data_lma
     9e0:	00001517          	auipc	a0,0x1
     9e4:	2dc50513          	addi	a0,a0,732 # 1cbc <_data_lma>
d:\workspace\business_card\obj/../Startup/startup_CH583.S:150
	la a1, _data_vma
     9e8:	20000597          	auipc	a1,0x20000
     9ec:	fbc58593          	addi	a1,a1,-68 # 200009a4 <_highcode_vma_end>
d:\workspace\business_card\obj/../Startup/startup_CH583.S:151
	la a2, _edata
     9f0:	80818613          	addi	a2,gp,-2040 # 200009b0 <_edata>
d:\workspace\business_card\obj/../Startup/startup_CH583.S:152
	bgeu a1, a2, 2f
     9f4:	00c5fa63          	bgeu	a1,a2,a08 <handle_reset+0x60>
d:\workspace\business_card\obj/../Startup/startup_CH583.S:154
1:
	lw t0, (a0)
     9f8:	00052283          	lw	t0,0(a0)
d:\workspace\business_card\obj/../Startup/startup_CH583.S:155
	sw t0, (a1)
     9fc:	0055a023          	sw	t0,0(a1)
d:\workspace\business_card\obj/../Startup/startup_CH583.S:156
	addi a0, a0, 4
     a00:	0511                	addi	a0,a0,4
d:\workspace\business_card\obj/../Startup/startup_CH583.S:157
	addi a1, a1, 4
     a02:	0591                	addi	a1,a1,4
d:\workspace\business_card\obj/../Startup/startup_CH583.S:158
	bltu a1, a2, 1b
     a04:	fec5eae3          	bltu	a1,a2,9f8 <handle_reset+0x50>
d:\workspace\business_card\obj/../Startup/startup_CH583.S:161
2:
	/* clear bss section */
	la a0, _sbss
     a08:	80818513          	addi	a0,gp,-2040 # 200009b0 <_edata>
d:\workspace\business_card\obj/../Startup/startup_CH583.S:162
	la a1, _ebss
     a0c:	9b818593          	addi	a1,gp,-1608 # 20000b60 <_ebss>
d:\workspace\business_card\obj/../Startup/startup_CH583.S:163
	bgeu a0, a1, 2f
     a10:	00b57763          	bgeu	a0,a1,a1e <handle_reset+0x76>
d:\workspace\business_card\obj/../Startup/startup_CH583.S:165
1:
	sw zero, (a0)
     a14:	00052023          	sw	zero,0(a0)
d:\workspace\business_card\obj/../Startup/startup_CH583.S:166
	addi a0, a0, 4
     a18:	0511                	addi	a0,a0,4
d:\workspace\business_card\obj/../Startup/startup_CH583.S:167
	bltu a0, a1, 1b
     a1a:	feb56de3          	bltu	a0,a1,a14 <handle_reset+0x6c>
d:\workspace\business_card\obj/../Startup/startup_CH583.S:170
2:
	/* 流水线控制位 & 动态预测控制位 */
	li t0, 0x1f
     a1e:	42fd                	li	t0,31
d:\workspace\business_card\obj/../Startup/startup_CH583.S:171
	csrw 0xbc0, t0
     a20:	bc029073          	csrw	0xbc0,t0
d:\workspace\business_card\obj/../Startup/startup_CH583.S:173
	/* 打开嵌套中断、硬件压栈功能 */
	li t0, 0x3
     a24:	428d                	li	t0,3
d:\workspace\business_card\obj/../Startup/startup_CH583.S:174
	csrw 0x804, t0
     a26:	80429073          	csrw	0x804,t0
d:\workspace\business_card\obj/../Startup/startup_CH583.S:176
	
    li t0, 0x88
     a2a:	08800293          	li	t0,136
d:\workspace\business_card\obj/../Startup/startup_CH583.S:177
    csrw mstatus, t0
     a2e:	30029073          	csrw	mstatus,t0
d:\workspace\business_card\obj/../Startup/startup_CH583.S:178
	la t0, _vector_base
     a32:	1ffff297          	auipc	t0,0x1ffff
     a36:	5ce28293          	addi	t0,t0,1486 # 20000000 <_highcode_vma_start>
d:\workspace\business_card\obj/../Startup/startup_CH583.S:181

	/* 配置向量表模式为绝对地址模式 */
    ori t0, t0, 3
     a3a:	0032e293          	ori	t0,t0,3
d:\workspace\business_card\obj/../Startup/startup_CH583.S:182
	csrw mtvec, t0
     a3e:	30529073          	csrw	mtvec,t0
d:\workspace\business_card\obj/../Startup/startup_CH583.S:184

    lui a4,0x40001
     a42:	40001737          	lui	a4,0x40001
d:\workspace\business_card\obj/../Startup/startup_CH583.S:185
    li  a5,87
     a46:	05700793          	li	a5,87
d:\workspace\business_card\obj/../Startup/startup_CH583.S:186
    sb  a5,64(a4)
     a4a:	04f70023          	sb	a5,64(a4) # 40001040 <_eusrstack+0x1fff9040>
d:\workspace\business_card\obj/../Startup/startup_CH583.S:187
    li  a5,-88
     a4e:	fa800793          	li	a5,-88
d:\workspace\business_card\obj/../Startup/startup_CH583.S:188
    sb  a5,64(a4)
     a52:	04f70023          	sb	a5,64(a4)
d:\workspace\business_card\obj/../Startup/startup_CH583.S:189
    fence.i
     a56:	0000100f          	fence.i
d:\workspace\business_card\obj/../Startup/startup_CH583.S:190
    lw  a5,72(a4)
     a5a:	473c                	lw	a5,72(a4)
d:\workspace\business_card\obj/../Startup/startup_CH583.S:191
    lui a3,0xfa000
     a5c:	fa0006b7          	lui	a3,0xfa000
d:\workspace\business_card\obj/../Startup/startup_CH583.S:192
    addi  a3,a3,-8
     a60:	16e1                	addi	a3,a3,-8
d:\workspace\business_card\obj/../Startup/startup_CH583.S:193
    and a5,a5,a3
     a62:	8ff5                	and	a5,a5,a3
d:\workspace\business_card\obj/../Startup/startup_CH583.S:194
    lui a3,0x6000
     a64:	060006b7          	lui	a3,0x6000
d:\workspace\business_card\obj/../Startup/startup_CH583.S:195
    addi a3,a3,5
     a68:	0695                	addi	a3,a3,5
d:\workspace\business_card\obj/../Startup/startup_CH583.S:196
    or  a5,a5,a3
     a6a:	8fd5                	or	a5,a5,a3
d:\workspace\business_card\obj/../Startup/startup_CH583.S:197
    sw  a5,72(a4)
     a6c:	c73c                	sw	a5,72(a4)
d:\workspace\business_card\obj/../Startup/startup_CH583.S:199

	la t0, main
     a6e:	00001297          	auipc	t0,0x1
     a72:	96028293          	addi	t0,t0,-1696 # 13ce <main>
d:\workspace\business_card\obj/../Startup/startup_CH583.S:200
	csrw mepc, t0
     a76:	34129073          	csrw	mepc,t0
d:\workspace\business_card\obj/../Startup/startup_CH583.S:203
	
	
	mret
     a7a:	30200073          	mret

00000a7e <memset>:
memset():
     a7e:	433d                	li	t1,15
     a80:	872a                	mv	a4,a0
     a82:	02c37363          	bgeu	t1,a2,aa8 <memset+0x2a>
     a86:	00f77793          	andi	a5,a4,15
     a8a:	efbd                	bnez	a5,b08 <memset+0x8a>
     a8c:	e5ad                	bnez	a1,af6 <memset+0x78>
     a8e:	ff067693          	andi	a3,a2,-16
     a92:	8a3d                	andi	a2,a2,15
     a94:	96ba                	add	a3,a3,a4
     a96:	c30c                	sw	a1,0(a4)
     a98:	c34c                	sw	a1,4(a4)
     a9a:	c70c                	sw	a1,8(a4)
     a9c:	c74c                	sw	a1,12(a4)
     a9e:	0741                	addi	a4,a4,16
     aa0:	fed76be3          	bltu	a4,a3,a96 <memset+0x18>
     aa4:	e211                	bnez	a2,aa8 <memset+0x2a>
     aa6:	8082                	ret
     aa8:	40c306b3          	sub	a3,t1,a2
     aac:	068a                	slli	a3,a3,0x2
     aae:	00000297          	auipc	t0,0x0
     ab2:	9696                	add	a3,a3,t0
     ab4:	00a68067          	jr	10(a3) # 600000a <_data_lma+0x5ffe34e>
     ab8:	00b70723          	sb	a1,14(a4)
     abc:	00b706a3          	sb	a1,13(a4)
     ac0:	00b70623          	sb	a1,12(a4)
     ac4:	00b705a3          	sb	a1,11(a4)
     ac8:	00b70523          	sb	a1,10(a4)
     acc:	00b704a3          	sb	a1,9(a4)
     ad0:	00b70423          	sb	a1,8(a4)
     ad4:	00b703a3          	sb	a1,7(a4)
     ad8:	00b70323          	sb	a1,6(a4)
     adc:	00b702a3          	sb	a1,5(a4)
     ae0:	00b70223          	sb	a1,4(a4)
     ae4:	00b701a3          	sb	a1,3(a4)
     ae8:	00b70123          	sb	a1,2(a4)
     aec:	00b700a3          	sb	a1,1(a4)
     af0:	00b70023          	sb	a1,0(a4)
     af4:	8082                	ret
     af6:	0ff5f593          	andi	a1,a1,255
     afa:	00859693          	slli	a3,a1,0x8
     afe:	8dd5                	or	a1,a1,a3
     b00:	01059693          	slli	a3,a1,0x10
     b04:	8dd5                	or	a1,a1,a3
     b06:	b761                	j	a8e <memset+0x10>
     b08:	00279693          	slli	a3,a5,0x2
     b0c:	00000297          	auipc	t0,0x0
     b10:	9696                	add	a3,a3,t0
     b12:	8286                	mv	t0,ra
     b14:	fa8680e7          	jalr	-88(a3)
     b18:	8096                	mv	ra,t0
     b1a:	17c1                	addi	a5,a5,-16
     b1c:	8f1d                	sub	a4,a4,a5
     b1e:	963e                	add	a2,a2,a5
     b20:	f8c374e3          	bgeu	t1,a2,aa8 <memset+0x2a>
     b24:	b7a5                	j	a8c <memset+0xe>

00000b26 <KeyValid>:
KeyValid():
d:\workspace\business_card\obj/../src/keyboard_logic.h:28
    {0},{0},{0}
};

static uint8_t KeyValid(uint8_t r, uint8_t c)
{
    return r < ROW_CNT && c < COL_CNT && (r < 4 || c >= 2);
     b26:	47a1                	li	a5,8
     b28:	02f50063          	beq	a0,a5,b48 <KeyValid+0x22>
d:\workspace\business_card\obj/../src/keyboard_logic.h:28 (discriminator 1)
     b2c:	471d                	li	a4,7
     b2e:	4781                	li	a5,0
     b30:	00e58a63          	beq	a1,a4,b44 <KeyValid+0x1e>
d:\workspace\business_card\obj/../src/keyboard_logic.h:28 (discriminator 3)
     b34:	470d                	li	a4,3
     b36:	4785                	li	a5,1
     b38:	00a77663          	bgeu	a4,a0,b44 <KeyValid+0x1e>
d:\workspace\business_card\obj/../src/keyboard_logic.h:28 (discriminator 6)
     b3c:	0025b593          	sltiu	a1,a1,2
     b40:	0015c793          	xori	a5,a1,1
d:\workspace\business_card\obj/../src/keyboard_logic.h:29 (discriminator 10)
}
     b44:	853e                	mv	a0,a5
     b46:	8082                	ret
d:\workspace\business_card\obj/../src/keyboard_logic.h:28
    return r < ROW_CNT && c < COL_CNT && (r < 4 || c >= 2);
     b48:	4781                	li	a5,0
     b4a:	bfed                	j	b44 <KeyValid+0x1e>

00000b4c <EP0_Status>:
EP0_Status():
d:\workspace\business_card\obj/../src/usb_keyboard.h:65
    ctrl_state=CTRL_IN;
    EP0_Packet();
}
static void EP0_Status(void)
{
    ctrl_state=CTRL_STATUS_IN;
     b4c:	478d                	li	a5,3
     b4e:	80f18c23          	sb	a5,-2024(gp) # 200009c0 <ctrl_state>
d:\workspace\business_card\obj/../src/usb_keyboard.h:66
    R8_UEP0_T_LEN=0;
     b52:	400087b7          	lui	a5,0x40008
     b56:	02078023          	sb	zero,32(a5) # 40008020 <_eusrstack+0x20000020>
d:\workspace\business_card\obj/../src/usb_keyboard.h:67
    R8_UEP0_CTRL=RB_UEP_R_TOG|RB_UEP_T_TOG|UEP_R_RES_NAK|UEP_T_RES_ACK;
     b5a:	fc800713          	li	a4,-56
     b5e:	02e78123          	sb	a4,34(a5)
d:\workspace\business_card\obj/../src/usb_keyboard.h:68
}
     b62:	8082                	ret

00000b64 <USB_ResetState>:
USB_ResetState():
d:\workspace\business_card\obj/../src/usb_keyboard.h:71
static void USB_ResetState(void)
{
    usb_config=usb_suspended=ep1_busy=ep1_halted=report_sent=0;
     b64:	82018aa3          	sb	zero,-1995(gp) # 200009dd <report_sent>
     b68:	820182a3          	sb	zero,-2011(gp) # 200009cd <ep1_halted>
     b6c:	82018223          	sb	zero,-2012(gp) # 200009cc <ep1_busy>
     b70:	82018f23          	sb	zero,-1986(gp) # 200009e6 <usb_suspended>
     b74:	82018ea3          	sb	zero,-1987(gp) # 200009e5 <usb_config>
d:\workspace\business_card\obj/../src/usb_keyboard.h:72
    hid_idle=hid_leds=0; hid_protocol=1;
     b78:	820183a3          	sb	zero,-2009(gp) # 200009cf <hid_leds>
     b7c:	82018323          	sb	zero,-2010(gp) # 200009ce <hid_idle>
     b80:	4785                	li	a5,1
     b82:	20000717          	auipc	a4,0x20000
     b86:	e2f70323          	sb	a5,-474(a4) # 200009a8 <hid_protocol>
d:\workspace\business_card\obj/../src/usb_keyboard.h:73
    ctrl_state=CTRL_IDLE; pending_address=0xff;
     b8a:	80018c23          	sb	zero,-2024(gp) # 200009c0 <ctrl_state>
     b8e:	57fd                	li	a5,-1
     b90:	82f18a23          	sb	a5,-1996(gp) # 200009dc <pending_address>
d:\workspace\business_card\obj/../src/usb_keyboard.h:74
    R8_USB_DEV_AD=0;
     b94:	400087b7          	lui	a5,0x40008
     b98:	000781a3          	sb	zero,3(a5) # 40008003 <_eusrstack+0x20000003>
d:\workspace\business_card\obj/../src/usb_keyboard.h:75
    R8_UEP0_T_LEN=R8_UEP1_T_LEN=0;
     b9c:	02078223          	sb	zero,36(a5)
     ba0:	02078023          	sb	zero,32(a5)
d:\workspace\business_card\obj/../src/usb_keyboard.h:76
    R8_UEP0_CTRL=UEP_R_RES_ACK|UEP_T_RES_NAK;
     ba4:	4709                	li	a4,2
     ba6:	02e78123          	sb	a4,34(a5)
d:\workspace\business_card\obj/../src/usb_keyboard.h:77
    R8_UEP1_CTRL=UEP_R_RES_NAK|UEP_T_RES_NAK;
     baa:	4729                	li	a4,10
     bac:	02e78323          	sb	a4,38(a5)
d:\workspace\business_card\obj/../src/usb_keyboard.h:78
}
     bb0:	8082                	ret

00000bb2 <EP0_Packet>:
EP0_Packet():
d:\workspace\business_card\obj/../src/usb_keyboard.h:44
{
     bb2:	1101                	addi	sp,sp,-32
     bb4:	cc22                	sw	s0,24(sp)
     bb6:	ca26                	sw	s1,20(sp)
     bb8:	ce06                	sw	ra,28(sp)
     bba:	c84a                	sw	s2,16(sp)
     bbc:	c64e                	sw	s3,12(sp)
d:\workspace\business_card\obj/../src/usb_keyboard.h:45
    uint8_t n=ctrl_remaining>EP0_SIZE ? EP0_SIZE : ctrl_remaining;
     bbe:	80c1d483          	lhu	s1,-2036(gp) # 200009b4 <ctrl_remaining>
     bc2:	04000793          	li	a5,64
     bc6:	04000413          	li	s0,64
     bca:	0097e363          	bltu	a5,s1,bd0 <EP0_Packet+0x1e>
     bce:	8426                	mv	s0,s1
     bd0:	0442                	slli	s0,s0,0x10
     bd2:	8041                	srli	s0,s0,0x10
     bd4:	0ff47993          	andi	s3,s0,255
d:\workspace\business_card\obj/../src/usb_keyboard.h:46
    if(n) { memcpy(EP0_Databuf,ctrl_data,n); ctrl_data+=n; ctrl_remaining-=n; }
     bd8:	c0b9                	beqz	s1,c1e <EP0_Packet+0x6c>
d:\workspace\business_card\obj/../src/usb_keyboard.h:46 (discriminator 1)
     bda:	80818793          	addi	a5,gp,-2040 # 200009b0 <_edata>
     bde:	0007a903          	lw	s2,0(a5)
     be2:	8622                	mv	a2,s0
     be4:	84418513          	addi	a0,gp,-1980 # 200009ec <EP0_Databuf>
     be8:	85ca                	mv	a1,s2
     bea:	9922                	add	s2,s2,s0
     bec:	40848433          	sub	s0,s1,s0
     bf0:	6f3000ef          	jal	ra,1ae2 <memcpy>
     bf4:	8121a423          	sw	s2,-2040(gp) # 200009b0 <_edata>
     bf8:	80819623          	sh	s0,-2036(gp) # 200009b4 <ctrl_remaining>
d:\workspace\business_card\obj/../src/usb_keyboard.h:48
    R8_UEP0_T_LEN=n;
     bfc:	400087b7          	lui	a5,0x40008
     c00:	03378023          	sb	s3,32(a5) # 40008020 <_eusrstack+0x20000020>
d:\workspace\business_card\obj/../src/usb_keyboard.h:49
    R8_UEP0_CTRL=(R8_UEP0_CTRL & ~MASK_UEP_T_RES)|UEP_T_RES_ACK;
     c04:	0227c703          	lbu	a4,34(a5)
     c08:	0fc77713          	andi	a4,a4,252
     c0c:	02e78123          	sb	a4,34(a5)
d:\workspace\business_card\obj/../src/usb_keyboard.h:50
}
     c10:	40f2                	lw	ra,28(sp)
     c12:	4462                	lw	s0,24(sp)
     c14:	44d2                	lw	s1,20(sp)
     c16:	4942                	lw	s2,16(sp)
     c18:	49b2                	lw	s3,12(sp)
     c1a:	6105                	addi	sp,sp,32
     c1c:	8082                	ret
d:\workspace\business_card\obj/../src/usb_keyboard.h:47
    else ctrl_zlp=0;
     c1e:	80018ca3          	sb	zero,-2023(gp) # 200009c1 <ctrl_zlp>
     c22:	bfe9                	j	bfc <EP0_Packet+0x4a>

00000c24 <EP0_Reply>:
EP0_Reply():
d:\workspace\business_card\obj/../src/usb_keyboard.h:53
    ctrl_data=data;
     c24:	80a1a423          	sw	a0,-2040(gp) # 200009b0 <_edata>
d:\workspace\business_card\obj/../src/usb_keyboard.h:54
    ctrl_remaining=n<requested ? n : requested;
     c28:	87b2                	mv	a5,a2
     c2a:	00c5f363          	bgeu	a1,a2,c30 <EP0_Reply+0xc>
     c2e:	87ae                	mv	a5,a1
     c30:	80f19623          	sh	a5,-2036(gp) # 200009b4 <ctrl_remaining>
d:\workspace\business_card\obj/../src/usb_keyboard.h:55
    ctrl_zlp=(n<requested && !(n%EP0_SIZE));
     c34:	80018ca3          	sb	zero,-2023(gp) # 200009c1 <ctrl_zlp>
d:\workspace\business_card\obj/../src/usb_keyboard.h:56
    if(!requested) {
     c38:	e609                	bnez	a2,c42 <EP0_Reply+0x1e>
d:\workspace\business_card\obj/../src/usb_keyboard.h:57
        ctrl_state=CTRL_STATUS_OUT;
     c3a:	4789                	li	a5,2
     c3c:	80f18c23          	sb	a5,-2024(gp) # 200009c0 <ctrl_state>
d:\workspace\business_card\obj/../src/usb_keyboard.h:62
}
     c40:	8082                	ret
d:\workspace\business_card\obj/../src/usb_keyboard.h:60
    ctrl_state=CTRL_IN;
     c42:	4785                	li	a5,1
     c44:	80f18c23          	sb	a5,-2024(gp) # 200009c0 <ctrl_state>
d:\workspace\business_card\obj/../src/usb_keyboard.h:61
    EP0_Packet();
     c48:	b7ad                	j	bb2 <EP0_Packet>

00000c4a <TK_Read>:
TK_Read():
d:\workspace\business_card\obj/../src/Main.c:33
static int32_t baseline_q8[TOUCH_CHANNELS];
static uint8_t electrode_state[TOUCH_CHANNELS],debounce[TOUCH_CHANNELS];
static uint8_t key_state[ROW_CNT][COL_CNT];

static uint8_t TK_Read(uint8_t ch,uint16_t *value)
{
     c4a:	1101                	addi	sp,sp,-32
     c4c:	ce06                	sw	ra,28(sp)
     c4e:	cc22                	sw	s0,24(sp)
     c50:	ca26                	sw	s1,20(sp)
     c52:	c84a                	sw	s2,16(sp)
     c54:	c452                	sw	s4,8(sp)
d:\workspace\business_card\obj/../src/Main.c:35
    uint32_t start;
    R8_ADC_CHANNEL=ch;
     c56:	40001437          	lui	s0,0x40001
d:\workspace\business_card\obj/../src/Main.c:33
{
     c5a:	c64e                	sw	s3,12(sp)
d:\workspace\business_card\obj/../src/Main.c:35
    R8_ADC_CHANNEL=ch;
     c5c:	04a40c23          	sb	a0,88(s0) # 40001058 <_eusrstack+0x1fff9058>
d:\workspace\business_card\obj/../src/Main.c:36
    DelayUs(2);
     c60:	4509                	li	a0,2
d:\workspace\business_card\obj/../src/Main.c:33
{
     c62:	892e                	mv	s2,a1
d:\workspace\business_card\obj/../src/Main.c:36
    DelayUs(2);
     c64:	20000097          	auipc	ra,0x20000
     c68:	8e4080e7          	jalr	-1820(ra) # 20000548 <mDelayuS>
d:\workspace\business_card\obj/../src/Main.c:37
    R8_TKEY_COUNT=(1u<<5)|8u;
     c6c:	02800793          	li	a5,40
     c70:	04f40a23          	sb	a5,84(s0)
d:\workspace\business_card\obj/../src/Main.c:38
    R8_TKEY_CONVERT=RB_TKEY_START;
     c74:	4785                	li	a5,1
     c76:	04f40b23          	sb	a5,86(s0)
d:\workspace\business_card\obj/../src/Main.c:39
    start=SYS_GetSysTickCnt();
     c7a:	639000ef          	jal	ra,1ab2 <SYS_GetSysTickCnt>
d:\workspace\business_card\obj/../src/Main.c:41
    while(R8_TKEY_CONVERT & RB_TKEY_START) {
        if((uint32_t)(SYS_GetSysTickCnt()-start)>TOUCH_TIMEOUT_TICKS) {
     c7e:	64bd                	lui	s1,0xf
d:\workspace\business_card\obj/../src/Main.c:39
    start=SYS_GetSysTickCnt();
     c80:	8a2a                	mv	s4,a0
d:\workspace\business_card\obj/../src/Main.c:41
        if((uint32_t)(SYS_GetSysTickCnt()-start)>TOUCH_TIMEOUT_TICKS) {
     c82:	a6048493          	addi	s1,s1,-1440 # ea60 <_data_lma+0xcda4>
d:\workspace\business_card\obj/../src/Main.c:40
    while(R8_TKEY_CONVERT & RB_TKEY_START) {
     c86:	05644783          	lbu	a5,86(s0)
     c8a:	05640993          	addi	s3,s0,86
     c8e:	8b85                	andi	a5,a5,1
     c90:	eb89                	bnez	a5,ca2 <TK_Read+0x58>
d:\workspace\business_card\obj/../src/Main.c:47
            R8_TKEY_CONVERT=0;
            touch_faults++;
            return 0;
        }
    }
    *value=R16_ADC_DATA & RB_ADC_DATA;
     c92:	05c45783          	lhu	a5,92(s0)
d:\workspace\business_card\obj/../src/Main.c:48
    return 1;
     c96:	4505                	li	a0,1
d:\workspace\business_card\obj/../src/Main.c:47
    *value=R16_ADC_DATA & RB_ADC_DATA;
     c98:	07d2                	slli	a5,a5,0x14
     c9a:	83d1                	srli	a5,a5,0x14
     c9c:	00f91023          	sh	a5,0(s2)
d:\workspace\business_card\obj/../src/Main.c:48
    return 1;
     ca0:	a005                	j	cc0 <TK_Read+0x76>
d:\workspace\business_card\obj/../src/Main.c:41
        if((uint32_t)(SYS_GetSysTickCnt()-start)>TOUCH_TIMEOUT_TICKS) {
     ca2:	611000ef          	jal	ra,1ab2 <SYS_GetSysTickCnt>
     ca6:	41450533          	sub	a0,a0,s4
     caa:	fca4fee3          	bgeu	s1,a0,c86 <TK_Read+0x3c>
d:\workspace\business_card\obj/../src/Main.c:42
            R8_TKEY_CONVERT=0;
     cae:	00098023          	sb	zero,0(s3)
d:\workspace\business_card\obj/../src/Main.c:43
            touch_faults++;
     cb2:	83818793          	addi	a5,gp,-1992 # 200009e0 <touch_faults>
     cb6:	439c                	lw	a5,0(a5)
     cb8:	4501                	li	a0,0
     cba:	0785                	addi	a5,a5,1
     cbc:	82f1ac23          	sw	a5,-1992(gp) # 200009e0 <touch_faults>
d:\workspace\business_card\obj/../src/Main.c:49
}
     cc0:	40f2                	lw	ra,28(sp)
     cc2:	4462                	lw	s0,24(sp)
     cc4:	44d2                	lw	s1,20(sp)
     cc6:	4942                	lw	s2,16(sp)
     cc8:	49b2                	lw	s3,12(sp)
     cca:	4a22                	lw	s4,8(sp)
     ccc:	6105                	addi	sp,sp,32
     cce:	8082                	ret

00000cd0 <USB_Poll>:
USB_Poll():
d:\workspace\business_card\obj/../src/usb_keyboard.h:150
}

/* Polling keeps USB and report state in one context; call between ADC samples.
 * RB_UC_INT_BUSY makes hardware NAK until this function clears the event. */
static void USB_Poll(void)
{
     cd0:	1141                	addi	sp,sp,-16
     cd2:	c422                	sw	s0,8(sp)
     cd4:	c606                	sw	ra,12(sp)
     cd6:	c226                	sw	s1,4(sp)
d:\workspace\business_card\obj/../src/usb_keyboard.h:151
    uint8_t flags=R8_USB_INT_FG,st=R8_USB_INT_ST;
     cd8:	40008437          	lui	s0,0x40008
     cdc:	00644483          	lbu	s1,6(s0) # 40008006 <_eusrstack+0x20000006>
     ce0:	00744783          	lbu	a5,7(s0)
     ce4:	0ff4f493          	andi	s1,s1,255
d:\workspace\business_card\obj/../src/usb_keyboard.h:152
    if(flags & RB_UIF_BUS_RST) {
     ce8:	0014f713          	andi	a4,s1,1
     cec:	cb09                	beqz	a4,cfe <USB_Poll+0x2e>
d:\workspace\business_card\obj/../src/usb_keyboard.h:153
        USB_ResetState();
     cee:	3d9d                	jal	b64 <USB_ResetState>
d:\workspace\business_card\obj/../src/usb_keyboard.h:154
        R8_USB_INT_FG=flags;
     cf0:	00940323          	sb	s1,6(s0)
d:\workspace\business_card\obj/../src/usb_keyboard.h:199
        usb_suspended=!!(R8_USB_MIS_ST & RB_UMS_SUSPEND);
        if(!usb_suspended) report_sent=0;
        R8_USB_INT_FG=RB_UIF_SUSPEND;
    }
    if(flags & RB_UIF_FIFO_OV) R8_USB_INT_FG=RB_UIF_FIFO_OV;
}
     cf4:	40b2                	lw	ra,12(sp)
     cf6:	4422                	lw	s0,8(sp)
     cf8:	4492                	lw	s1,4(sp)
     cfa:	0141                	addi	sp,sp,16
     cfc:	8082                	ret
d:\workspace\business_card\obj/../src/usb_keyboard.h:157
    if(flags & RB_UIF_TRANSFER) {
     cfe:	0024f713          	andi	a4,s1,2
     d02:	10070463          	beqz	a4,e0a <USB_Poll+0x13a>
     d06:	0ff7f793          	andi	a5,a5,255
d:\workspace\business_card\obj/../src/usb_keyboard.h:158
        if(st & RB_UIS_SETUP_ACT) {
     d0a:	01879713          	slli	a4,a5,0x18
     d0e:	8761                	srai	a4,a4,0x18
     d10:	36075663          	bgez	a4,107c <USB_Poll+0x3ac>
d:\workspace\business_card\obj/../src/usb_keyboard.h:159
            if(R8_USB_RX_LEN==8) USB_Setup(); else EP0_Stall();
     d14:	00844803          	lbu	a6,8(s0)
     d18:	47a1                	li	a5,8
     d1a:	0ff87813          	andi	a6,a6,255
     d1e:	34f81563          	bne	a6,a5,1068 <USB_Poll+0x398>
USB_Setup():
d:\workspace\business_card\obj/../src/usb_keyboard.h:84
    uint16_t length=EP0_Databuf[6]|((uint16_t)EP0_Databuf[7]<<8);
     d22:	84b1c603          	lbu	a2,-1973(gp) # 200009f3 <EP0_Databuf+0x7>
     d26:	84a1c303          	lbu	t1,-1974(gp) # 200009f2 <EP0_Databuf+0x6>
d:\workspace\business_card\obj/../src/usb_keyboard.h:82
    uint16_t value=EP0_Databuf[2]|((uint16_t)EP0_Databuf[3]<<8);
     d2a:	8471c583          	lbu	a1,-1977(gp) # 200009ef <EP0_Databuf+0x3>
d:\workspace\business_card\obj/../src/usb_keyboard.h:83
    uint16_t index=EP0_Databuf[4]|((uint16_t)EP0_Databuf[5]<<8);
     d2e:	8491c503          	lbu	a0,-1975(gp) # 200009f1 <EP0_Databuf+0x5>
d:\workspace\business_card\obj/../src/usb_keyboard.h:84
    uint16_t length=EP0_Databuf[6]|((uint16_t)EP0_Databuf[7]<<8);
     d32:	0622                	slli	a2,a2,0x8
d:\workspace\business_card\obj/../src/usb_keyboard.h:82
    uint16_t value=EP0_Databuf[2]|((uint16_t)EP0_Databuf[3]<<8);
     d34:	8461c783          	lbu	a5,-1978(gp) # 200009ee <EP0_Databuf+0x2>
d:\workspace\business_card\obj/../src/usb_keyboard.h:83
    uint16_t index=EP0_Databuf[4]|((uint16_t)EP0_Databuf[5]<<8);
     d38:	8481c683          	lbu	a3,-1976(gp) # 200009f0 <EP0_Databuf+0x4>
d:\workspace\business_card\obj/../src/usb_keyboard.h:84
    uint16_t length=EP0_Databuf[6]|((uint16_t)EP0_Databuf[7]<<8);
     d3c:	00666633          	or	a2,a2,t1
d:\workspace\business_card\obj/../src/usb_keyboard.h:82
    uint16_t value=EP0_Databuf[2]|((uint16_t)EP0_Databuf[3]<<8);
     d40:	05a2                	slli	a1,a1,0x8
d:\workspace\business_card\obj/../src/usb_keyboard.h:87
    ctrl_state=CTRL_IDLE; pending_address=0xff; ctrl_zlp=0;
     d42:	80018c23          	sb	zero,-2024(gp) # 200009c0 <ctrl_state>
d:\workspace\business_card\obj/../src/usb_keyboard.h:83
    uint16_t index=EP0_Databuf[4]|((uint16_t)EP0_Databuf[5]<<8);
     d46:	0522                	slli	a0,a0,0x8
d:\workspace\business_card\obj/../src/usb_keyboard.h:87
    ctrl_state=CTRL_IDLE; pending_address=0xff; ctrl_zlp=0;
     d48:	537d                	li	t1,-1
d:\workspace\business_card\obj/../src/usb_keyboard.h:82
    uint16_t value=EP0_Databuf[2]|((uint16_t)EP0_Databuf[3]<<8);
     d4a:	8ddd                	or	a1,a1,a5
d:\workspace\business_card\obj/../src/usb_keyboard.h:83
    uint16_t index=EP0_Databuf[4]|((uint16_t)EP0_Databuf[5]<<8);
     d4c:	8d55                	or	a0,a0,a3
d:\workspace\business_card\obj/../src/usb_keyboard.h:87
    ctrl_state=CTRL_IDLE; pending_address=0xff; ctrl_zlp=0;
     d4e:	82618a23          	sb	t1,-1996(gp) # 200009dc <pending_address>
d:\workspace\business_card\obj/../src/usb_keyboard.h:82
    uint16_t value=EP0_Databuf[2]|((uint16_t)EP0_Databuf[3]<<8);
     d52:	05c2                	slli	a1,a1,0x10
d:\workspace\business_card\obj/../src/usb_keyboard.h:87
    ctrl_state=CTRL_IDLE; pending_address=0xff; ctrl_zlp=0;
     d54:	80018ca3          	sb	zero,-2023(gp) # 200009c1 <ctrl_zlp>
d:\workspace\business_card\obj/../src/usb_keyboard.h:83
    uint16_t index=EP0_Databuf[4]|((uint16_t)EP0_Databuf[5]<<8);
     d58:	0542                	slli	a0,a0,0x10
d:\workspace\business_card\obj/../src/usb_keyboard.h:88
    R8_UEP0_CTRL=RB_UEP_R_TOG|RB_UEP_T_TOG|UEP_R_RES_ACK|UEP_T_RES_NAK;
     d5a:	fc200313          	li	t1,-62
d:\workspace\business_card\obj/../src/usb_keyboard.h:82
    uint16_t value=EP0_Databuf[2]|((uint16_t)EP0_Databuf[3]<<8);
     d5e:	85c1                	srai	a1,a1,0x10
d:\workspace\business_card\obj/../src/usb_keyboard.h:83
    uint16_t index=EP0_Databuf[4]|((uint16_t)EP0_Databuf[5]<<8);
     d60:	8541                	srai	a0,a0,0x10
d:\workspace\business_card\obj/../src/usb_keyboard.h:81
    uint8_t type=EP0_Databuf[0],req=EP0_Databuf[1];
     d62:	8441c703          	lbu	a4,-1980(gp) # 200009ec <EP0_Databuf>
     d66:	8451c883          	lbu	a7,-1979(gp) # 200009ed <EP0_Databuf+0x1>
d:\workspace\business_card\obj/../src/usb_keyboard.h:82
    uint16_t value=EP0_Databuf[2]|((uint16_t)EP0_Databuf[3]<<8);
     d6a:	01059793          	slli	a5,a1,0x10
d:\workspace\business_card\obj/../src/usb_keyboard.h:83
    uint16_t index=EP0_Databuf[4]|((uint16_t)EP0_Databuf[5]<<8);
     d6e:	01051693          	slli	a3,a0,0x10
d:\workspace\business_card\obj/../src/usb_keyboard.h:88
    R8_UEP0_CTRL=RB_UEP_R_TOG|RB_UEP_T_TOG|UEP_R_RES_ACK|UEP_T_RES_NAK;
     d72:	02640123          	sb	t1,34(s0)
d:\workspace\business_card\obj/../src/usb_keyboard.h:89
    if(req==6 && (type==0x80 || type==0x81)) {
     d76:	4319                	li	t1,6
d:\workspace\business_card\obj/../src/usb_keyboard.h:82
    uint16_t value=EP0_Databuf[2]|((uint16_t)EP0_Databuf[3]<<8);
     d78:	83c1                	srli	a5,a5,0x10
d:\workspace\business_card\obj/../src/usb_keyboard.h:83
    uint16_t index=EP0_Databuf[4]|((uint16_t)EP0_Databuf[5]<<8);
     d7a:	82c1                	srli	a3,a3,0x10
d:\workspace\business_card\obj/../src/usb_keyboard.h:89
    if(req==6 && (type==0x80 || type==0x81)) {
     d7c:	0c689a63          	bne	a7,t1,e50 <USB_Poll+0x180>
     d80:	08074813          	xori	a6,a4,128
     d84:	4305                	li	t1,1
     d86:	43036f63          	bltu	t1,a6,11c4 <USB_Poll+0x4f4>
d:\workspace\business_card\obj/../src/usb_keyboard.h:90
        if(type==0x80 && value==0x0100 && !index) { data=MyDevDescr; n=sizeof(MyDevDescr); }
     d8a:	08000593          	li	a1,128
     d8e:	04b71763          	bne	a4,a1,ddc <USB_Poll+0x10c>
     d92:	10000713          	li	a4,256
     d96:	00e79a63          	bne	a5,a4,daa <USB_Poll+0xda>
     d9a:	3e069263          	bnez	a3,117e <USB_Poll+0x4ae>
     d9e:	45c9                	li	a1,18
     da0:	00001517          	auipc	a0,0x1
     da4:	ecc50513          	addi	a0,a0,-308 # 1c6c <MyDevDescr>
     da8:	a899                	j	dfe <USB_Poll+0x12e>
d:\workspace\business_card\obj/../src/usb_keyboard.h:91
        else if(type==0x80 && value==0x0200 && !index) { data=MyCfgDescr; n=sizeof(MyCfgDescr); }
     daa:	20000713          	li	a4,512
     dae:	00e79b63          	bne	a5,a4,dc4 <USB_Poll+0xf4>
     db2:	3c069663          	bnez	a3,117e <USB_Poll+0x4ae>
     db6:	02200593          	li	a1,34
     dba:	00001517          	auipc	a0,0x1
     dbe:	e8e50513          	addi	a0,a0,-370 # 1c48 <MyCfgDescr>
     dc2:	a835                	j	dfe <USB_Poll+0x12e>
d:\workspace\business_card\obj/../src/usb_keyboard.h:92
        else if(type==0x80 && value==0x0300 && !index) { data=LangDescr; n=sizeof(LangDescr); }
     dc4:	30000713          	li	a4,768
     dc8:	3ae79b63          	bne	a5,a4,117e <USB_Poll+0x4ae>
     dcc:	3a069963          	bnez	a3,117e <USB_Poll+0x4ae>
     dd0:	4591                	li	a1,4
     dd2:	00001517          	auipc	a0,0x1
     dd6:	ee650513          	addi	a0,a0,-282 # 1cb8 <LangDescr>
     dda:	a015                	j	dfe <USB_Poll+0x12e>
d:\workspace\business_card\obj/../src/usb_keyboard.h:93
        else if(type==0x81 && !index && value==0x2100) { data=MyCfgDescr+18; n=9; }
     ddc:	3a069163          	bnez	a3,117e <USB_Poll+0x4ae>
     de0:	6709                	lui	a4,0x2
     de2:	10070693          	addi	a3,a4,256 # 2100 <_data_lma+0x444>
     de6:	04d78f63          	beq	a5,a3,e44 <USB_Poll+0x174>
d:\workspace\business_card\obj/../src/usb_keyboard.h:94
        else if(type==0x81 && !index && value==0x2200) { data=KeyboardReportDesc; n=sizeof(KeyboardReportDesc); }
     dea:	20070713          	addi	a4,a4,512
     dee:	38e79863          	bne	a5,a4,117e <USB_Poll+0x4ae>
     df2:	03f00593          	li	a1,63
     df6:	00001517          	auipc	a0,0x1
     dfa:	e1250513          	addi	a0,a0,-494 # 1c08 <KeyboardReportDesc>
d:\workspace\business_card\obj/../src/usb_keyboard.h:131
        if(n) { EP0_Reply(ctrl_reply,n,length); return; }
     dfe:	351d                	jal	c24 <EP0_Reply>
USB_Poll():
d:\workspace\business_card\obj/../src/usb_keyboard.h:191
        R8_USB_INT_FG=RB_UIF_TRANSFER;
     e00:	400087b7          	lui	a5,0x40008
     e04:	4709                	li	a4,2
     e06:	00e78323          	sb	a4,6(a5) # 40008006 <_eusrstack+0x20000006>
d:\workspace\business_card\obj/../src/usb_keyboard.h:193
    if(flags & RB_UIF_SUSPEND) {
     e0a:	0044f793          	andi	a5,s1,4
     e0e:	c395                	beqz	a5,e32 <USB_Poll+0x162>
d:\workspace\business_card\obj/../src/usb_keyboard.h:194
        usb_suspended=!!(R8_USB_MIS_ST & RB_UMS_SUSPEND);
     e10:	400087b7          	lui	a5,0x40008
     e14:	0057c783          	lbu	a5,5(a5) # 40008005 <_eusrstack+0x20000005>
     e18:	8b91                	andi	a5,a5,4
     e1a:	00f03733          	snez	a4,a5
     e1e:	82e18f23          	sb	a4,-1986(gp) # 200009e6 <usb_suspended>
d:\workspace\business_card\obj/../src/usb_keyboard.h:195
        if(!usb_suspended) report_sent=0;
     e22:	e399                	bnez	a5,e28 <USB_Poll+0x158>
d:\workspace\business_card\obj/../src/usb_keyboard.h:195 (discriminator 1)
     e24:	82018aa3          	sb	zero,-1995(gp) # 200009dd <report_sent>
d:\workspace\business_card\obj/../src/usb_keyboard.h:196
        R8_USB_INT_FG=RB_UIF_SUSPEND;
     e28:	400087b7          	lui	a5,0x40008
     e2c:	4711                	li	a4,4
     e2e:	00e78323          	sb	a4,6(a5) # 40008006 <_eusrstack+0x20000006>
d:\workspace\business_card\obj/../src/usb_keyboard.h:198
    if(flags & RB_UIF_FIFO_OV) R8_USB_INT_FG=RB_UIF_FIFO_OV;
     e32:	88c1                	andi	s1,s1,16
     e34:	ec0480e3          	beqz	s1,cf4 <USB_Poll+0x24>
d:\workspace\business_card\obj/../src/usb_keyboard.h:198 (discriminator 1)
     e38:	400087b7          	lui	a5,0x40008
     e3c:	4741                	li	a4,16
     e3e:	00e78323          	sb	a4,6(a5) # 40008006 <_eusrstack+0x20000006>
     e42:	bd4d                	j	cf4 <USB_Poll+0x24>
USB_Setup():
d:\workspace\business_card\obj/../src/usb_keyboard.h:93
        else if(type==0x81 && !index && value==0x2100) { data=MyCfgDescr+18; n=9; }
     e44:	45a5                	li	a1,9
     e46:	00001517          	auipc	a0,0x1
     e4a:	e1450513          	addi	a0,a0,-492 # 1c5a <MyCfgDescr+0x12>
d:\workspace\business_card\obj/../src/usb_keyboard.h:95
        if(data) { EP0_Reply(data,n,length); return; }
     e4e:	bf45                	j	dfe <USB_Poll+0x12e>
d:\workspace\business_card\obj/../src/usb_keyboard.h:97
    else if(type==0 && req==5 && value<128 && !index && !length && !usb_config) {
     e50:	eb39                	bnez	a4,ea6 <USB_Poll+0x1d6>
     e52:	4815                	li	a6,5
     e54:	03089063          	bne	a7,a6,e74 <USB_Poll+0x1a4>
     e58:	07f00513          	li	a0,127
     e5c:	30f56f63          	bltu	a0,a5,117a <USB_Poll+0x4aa>
     e60:	30069f63          	bnez	a3,117e <USB_Poll+0x4ae>
     e64:	e249                	bnez	a2,ee6 <USB_Poll+0x216>
     e66:	83d1c683          	lbu	a3,-1987(gp) # 200009e5 <usb_config>
     e6a:	eeb5                	bnez	a3,ee6 <USB_Poll+0x216>
d:\workspace\business_card\obj/../src/usb_keyboard.h:98
        pending_address=value; EP0_Status(); return;
     e6c:	82b18a23          	sb	a1,-1996(gp) # 200009dc <pending_address>
USB_Poll():
d:\workspace\business_card\obj/../src/usb_keyboard.h:176
                    hid_leds=EP0_Databuf[0]&0x1f; EP0_Status();
     e70:	39f1                	jal	b4c <EP0_Status>
     e72:	b779                	j	e00 <USB_Poll+0x130>
USB_Setup():
d:\workspace\business_card\obj/../src/usb_keyboard.h:100
    else if(type==0 && req==9 && value<=1 && !index && !length) {
     e74:	4825                	li	a6,9
     e76:	31089063          	bne	a7,a6,1176 <USB_Poll+0x4a6>
     e7a:	4505                	li	a0,1
     e7c:	2ef56f63          	bltu	a0,a5,117a <USB_Poll+0x4aa>
     e80:	2e069f63          	bnez	a3,117e <USB_Poll+0x4ae>
     e84:	e22d                	bnez	a2,ee6 <USB_Poll+0x216>
d:\workspace\business_card\obj/../src/usb_keyboard.h:101
        usb_config=value; ep1_busy=ep1_halted=report_sent=0;
     e86:	82b18ea3          	sb	a1,-1987(gp) # 200009e5 <usb_config>
     e8a:	82018aa3          	sb	zero,-1995(gp) # 200009dd <report_sent>
     e8e:	820182a3          	sb	zero,-2011(gp) # 200009cd <ep1_halted>
     e92:	82018223          	sb	zero,-2012(gp) # 200009cc <ep1_busy>
d:\workspace\business_card\obj/../src/usb_keyboard.h:102
        R8_UEP1_T_LEN=0; R8_UEP1_CTRL=UEP_R_RES_NAK|UEP_T_RES_NAK;
     e96:	400087b7          	lui	a5,0x40008
     e9a:	02078223          	sb	zero,36(a5) # 40008024 <_eusrstack+0x20000024>
d:\workspace\business_card\obj/../src/usb_keyboard.h:124
        R8_UEP1_CTRL=UEP_R_RES_NAK|UEP_T_RES_NAK; EP0_Status(); return;
     e9e:	4729                	li	a4,10
     ea0:	02e78323          	sb	a4,38(a5)
     ea4:	b7f1                	j	e70 <USB_Poll+0x1a0>
d:\workspace\business_card\obj/../src/usb_keyboard.h:105
    else if(type==0x80 && req==8 && !value && !index && length==1) {
     ea6:	08000313          	li	t1,128
     eaa:	30671e63          	bne	a4,t1,11c6 <USB_Poll+0x4f6>
     eae:	2d089463          	bne	a7,a6,1176 <USB_Poll+0x4a6>
     eb2:	2c079463          	bnez	a5,117a <USB_Poll+0x4aa>
     eb6:	2c069463          	bnez	a3,117e <USB_Poll+0x4ae>
     eba:	4685                	li	a3,1
     ebc:	02d61563          	bne	a2,a3,ee6 <USB_Poll+0x216>
d:\workspace\business_card\obj/../src/usb_keyboard.h:106
        ctrl_reply[0]=usb_config; EP0_Reply(ctrl_reply,1,length); return;
     ec0:	83d18793          	addi	a5,gp,-1987 # 200009e5 <usb_config>
     ec4:	0007c783          	lbu	a5,0(a5)
     ec8:	80f18823          	sb	a5,-2032(gp) # 200009b8 <ctrl_reply>
d:\workspace\business_card\obj/../src/usb_keyboard.h:120
        ctrl_reply[0]=0; EP0_Reply(ctrl_reply,1,length); return;
     ecc:	4605                	li	a2,1
d:\workspace\business_card\obj/../src/usb_keyboard.h:130
        else if(req==3 && !value && length==1) { ctrl_reply[0]=hid_protocol; n=1; }
     ece:	4585                	li	a1,1
     ed0:	a895                	j	f44 <USB_Poll+0x274>
d:\workspace\business_card\obj/../src/usb_keyboard.h:109
            ((type==0x80 && !index) || (type==0x81 && !index && usb_config) ||
     ed2:	08100813          	li	a6,129
     ed6:	05071163          	bne	a4,a6,f18 <USB_Poll+0x248>
     eda:	2a069263          	bnez	a3,117e <USB_Poll+0x4ae>
     ede:	83d1c683          	lbu	a3,-1987(gp) # 200009e5 <usb_config>
     ee2:	2e069e63          	bnez	a3,11de <USB_Poll+0x50e>
d:\workspace\business_card\obj/../src/usb_keyboard.h:126
    else if(!index && usb_config && type==0xa1) {
     ee6:	83d1c683          	lbu	a3,-1987(gp) # 200009e5 <usb_config>
     eea:	28068a63          	beqz	a3,117e <USB_Poll+0x4ae>
     eee:	0a100693          	li	a3,161
     ef2:	10d71a63          	bne	a4,a3,1006 <USB_Poll+0x336>
d:\workspace\business_card\obj/../src/usb_keyboard.h:127
        if(req==1 && value==0x0100) { memcpy(ctrl_reply,current_report,8); n=8; }
     ef6:	4705                	li	a4,1
     ef8:	0ee89163          	bne	a7,a4,fda <USB_Poll+0x30a>
     efc:	10000713          	li	a4,256
     f00:	0ce79263          	bne	a5,a4,fc4 <USB_Poll+0x2f4>
     f04:	81c18793          	addi	a5,gp,-2020 # 200009c4 <current_report>
     f08:	4398                	lw	a4,0(a5)
     f0a:	43dc                	lw	a5,4(a5)
     f0c:	45a1                	li	a1,8
     f0e:	80e1a823          	sw	a4,-2032(gp) # 200009b8 <ctrl_reply>
     f12:	80f1aa23          	sw	a5,-2028(gp) # 200009bc <ctrl_reply+0x4>
d:\workspace\business_card\obj/../src/usb_keyboard.h:131
        if(n) { EP0_Reply(ctrl_reply,n,length); return; }
     f16:	a03d                	j	f44 <USB_Poll+0x274>
d:\workspace\business_card\obj/../src/usb_keyboard.h:109
            ((type==0x80 && !index) || (type==0x81 && !index && usb_config) ||
     f18:	08200313          	li	t1,130
     f1c:	26671b63          	bne	a4,t1,1192 <USB_Poll+0x4c2>
d:\workspace\business_card\obj/../src/usb_keyboard.h:110
             (type==0x82 && (index==0 || index==0x80 || (index==0x81 && usb_config))))) {
     f20:	f7f57513          	andi	a0,a0,-129
     f24:	2a050d63          	beqz	a0,11de <USB_Poll+0x50e>
     f28:	25069b63          	bne	a3,a6,117e <USB_Poll+0x4ae>
     f2c:	83d1c783          	lbu	a5,-1987(gp) # 200009e5 <usb_config>
     f30:	24078763          	beqz	a5,117e <USB_Poll+0x4ae>
d:\workspace\business_card\obj/../src/usb_keyboard.h:111
        ctrl_reply[0]=(type==0x82 && index==0x81) ? ep1_halted : 0;
     f34:	8251c783          	lbu	a5,-2011(gp) # 200009cd <ep1_halted>
     f38:	80f18823          	sb	a5,-2032(gp) # 200009b8 <ctrl_reply>
d:\workspace\business_card\obj/../src/usb_keyboard.h:112
        ctrl_reply[1]=0; EP0_Reply(ctrl_reply,2,length); return;
     f3c:	4609                	li	a2,2
     f3e:	800188a3          	sb	zero,-2031(gp) # 200009b9 <ctrl_reply+0x1>
     f42:	4589                	li	a1,2
d:\workspace\business_card\obj/../src/usb_keyboard.h:131
        if(n) { EP0_Reply(ctrl_reply,n,length); return; }
     f44:	81018513          	addi	a0,gp,-2032 # 200009b8 <ctrl_reply>
     f48:	bd5d                	j	dfe <USB_Poll+0x12e>
d:\workspace\business_card\obj/../src/usb_keyboard.h:114
    else if(type==2 && (req==1 || req==3) && !value && index==0x81 && !length && usb_config) {
     f4a:	4509                	li	a0,2
     f4c:	04a71763          	bne	a4,a0,f9a <USB_Poll+0x2ca>
     f50:	0fd8f513          	andi	a0,a7,253
     f54:	4805                	li	a6,1
     f56:	23051263          	bne	a0,a6,117a <USB_Poll+0x4aa>
     f5a:	22079063          	bnez	a5,117a <USB_Poll+0x4aa>
     f5e:	08100513          	li	a0,129
     f62:	20a69c63          	bne	a3,a0,117a <USB_Poll+0x4aa>
     f66:	20061c63          	bnez	a2,117e <USB_Poll+0x4ae>
     f6a:	83d1c783          	lbu	a5,-1987(gp) # 200009e5 <usb_config>
     f6e:	20078863          	beqz	a5,117e <USB_Poll+0x4ae>
d:\workspace\business_card\obj/../src/usb_keyboard.h:115
        ep1_halted=(req==3); ep1_busy=0; report_sent=0;
     f72:	ffd88793          	addi	a5,a7,-3
     f76:	0017b793          	seqz	a5,a5
     f7a:	82f182a3          	sb	a5,-2011(gp) # 200009cd <ep1_halted>
d:\workspace\business_card\obj/../src/usb_keyboard.h:116
        R8_UEP1_CTRL=UEP_R_RES_NAK|(ep1_halted ? UEP_T_RES_STALL : UEP_T_RES_NAK);
     f7e:	470d                	li	a4,3
d:\workspace\business_card\obj/../src/usb_keyboard.h:115
        ep1_halted=(req==3); ep1_busy=0; report_sent=0;
     f80:	82018223          	sb	zero,-2012(gp) # 200009cc <ep1_busy>
     f84:	82018aa3          	sb	zero,-1995(gp) # 200009dd <report_sent>
d:\workspace\business_card\obj/../src/usb_keyboard.h:116
        R8_UEP1_CTRL=UEP_R_RES_NAK|(ep1_halted ? UEP_T_RES_STALL : UEP_T_RES_NAK);
     f88:	47ad                	li	a5,11
     f8a:	00e88363          	beq	a7,a4,f90 <USB_Poll+0x2c0>
     f8e:	47a9                	li	a5,10
     f90:	40008737          	lui	a4,0x40008
     f94:	02f70323          	sb	a5,38(a4) # 40008026 <_eusrstack+0x20000026>
d:\workspace\business_card\obj/../src/usb_keyboard.h:117
        EP0_Status(); return;
     f98:	bde1                	j	e70 <USB_Poll+0x1a0>
d:\workspace\business_card\obj/../src/usb_keyboard.h:119
    else if(type==0x81 && req==10 && !value && !index && length==1 && usb_config) {
     f9a:	08100513          	li	a0,129
     f9e:	1ea71c63          	bne	a4,a0,1196 <USB_Poll+0x4c6>
     fa2:	4529                	li	a0,10
     fa4:	1ca89b63          	bne	a7,a0,117a <USB_Poll+0x4aa>
     fa8:	1c079963          	bnez	a5,117a <USB_Poll+0x4aa>
     fac:	1c069963          	bnez	a3,117e <USB_Poll+0x4ae>
     fb0:	4685                	li	a3,1
     fb2:	f2d61ae3          	bne	a2,a3,ee6 <USB_Poll+0x216>
     fb6:	83d1c683          	lbu	a3,-1987(gp) # 200009e5 <usb_config>
     fba:	f20686e3          	beqz	a3,ee6 <USB_Poll+0x216>
d:\workspace\business_card\obj/../src/usb_keyboard.h:120
        ctrl_reply[0]=0; EP0_Reply(ctrl_reply,1,length); return;
     fbe:	80018823          	sb	zero,-2032(gp) # 200009b8 <ctrl_reply>
     fc2:	b729                	j	ecc <USB_Poll+0x1fc>
d:\workspace\business_card\obj/../src/usb_keyboard.h:128
        else if(req==1 && value==0x0200) { ctrl_reply[0]=hid_leds; n=1; }
     fc4:	20000713          	li	a4,512
     fc8:	1ae79b63          	bne	a5,a4,117e <USB_Poll+0x4ae>
     fcc:	82718793          	addi	a5,gp,-2009 # 200009cf <hid_leds>
d:\workspace\business_card\obj/../src/usb_keyboard.h:130
        else if(req==3 && !value && length==1) { ctrl_reply[0]=hid_protocol; n=1; }
     fd0:	0007c783          	lbu	a5,0(a5)
     fd4:	80f18823          	sb	a5,-2032(gp) # 200009b8 <ctrl_reply>
     fd8:	bddd                	j	ece <USB_Poll+0x1fe>
d:\workspace\business_card\obj/../src/usb_keyboard.h:129
        else if(req==2 && !value && length==1) { ctrl_reply[0]=hid_idle; n=1; }
     fda:	4689                	li	a3,2
     fdc:	00d89963          	bne	a7,a3,fee <USB_Poll+0x31e>
     fe0:	18079f63          	bnez	a5,117e <USB_Poll+0x4ae>
     fe4:	82618793          	addi	a5,gp,-2010 # 200009ce <hid_idle>
     fe8:	18e61b63          	bne	a2,a4,117e <USB_Poll+0x4ae>
     fec:	b7d5                	j	fd0 <USB_Poll+0x300>
d:\workspace\business_card\obj/../src/usb_keyboard.h:130
        else if(req==3 && !value && length==1) { ctrl_reply[0]=hid_protocol; n=1; }
     fee:	468d                	li	a3,3
     ff0:	18d89763          	bne	a7,a3,117e <USB_Poll+0x4ae>
     ff4:	18079563          	bnez	a5,117e <USB_Poll+0x4ae>
     ff8:	18e61363          	bne	a2,a4,117e <USB_Poll+0x4ae>
     ffc:	20000797          	auipc	a5,0x20000
    1000:	9ac78793          	addi	a5,a5,-1620 # 200009a8 <hid_protocol>
    1004:	b7f1                	j	fd0 <USB_Poll+0x300>
d:\workspace\business_card\obj/../src/usb_keyboard.h:133
    else if(!index && usb_config && type==0x21) {
    1006:	02100693          	li	a3,33
    100a:	16d71a63          	bne	a4,a3,117e <USB_Poll+0x4ae>
d:\workspace\business_card\obj/../src/usb_keyboard.h:134
        if(req==9 && value==0x0200 && length==1) {
    100e:	4725                	li	a4,9
    1010:	00e89d63          	bne	a7,a4,102a <USB_Poll+0x35a>
    1014:	20000713          	li	a4,512
    1018:	16e79363          	bne	a5,a4,117e <USB_Poll+0x4ae>
    101c:	4785                	li	a5,1
    101e:	16f61063          	bne	a2,a5,117e <USB_Poll+0x4ae>
d:\workspace\business_card\obj/../src/usb_keyboard.h:135
            ctrl_state=CTRL_LED_OUT; return;
    1022:	4791                	li	a5,4
    1024:	80f18c23          	sb	a5,-2024(gp) # 200009c0 <ctrl_state>
    1028:	bbe1                	j	e00 <USB_Poll+0x130>
d:\workspace\business_card\obj/../src/usb_keyboard.h:137
        if(req==10 && !(value&0xff) && !length) {
    102a:	4729                	li	a4,10
    102c:	00e89f63          	bne	a7,a4,104a <USB_Poll+0x37a>
    1030:	0ff7f713          	andi	a4,a5,255
    1034:	8e59                	or	a2,a2,a4
    1036:	14061463          	bnez	a2,117e <USB_Poll+0x4ae>
d:\workspace\business_card\obj/../src/usb_keyboard.h:138
            hid_idle=value>>8; last_report_tick=SYS_GetSysTickCnt(); EP0_Status(); return;
    103a:	83a1                	srli	a5,a5,0x8
    103c:	82f18323          	sb	a5,-2010(gp) # 200009ce <hid_idle>
    1040:	273000ef          	jal	ra,1ab2 <SYS_GetSysTickCnt>
    1044:	82a1a823          	sw	a0,-2000(gp) # 200009d8 <last_report_tick>
    1048:	b525                	j	e70 <USB_Poll+0x1a0>
d:\workspace\business_card\obj/../src/usb_keyboard.h:140
        if(req==11 && value<=1 && !length) {
    104a:	472d                	li	a4,11
    104c:	12e89963          	bne	a7,a4,117e <USB_Poll+0x4ae>
    1050:	4705                	li	a4,1
    1052:	12f76663          	bltu	a4,a5,117e <USB_Poll+0x4ae>
    1056:	12061463          	bnez	a2,117e <USB_Poll+0x4ae>
d:\workspace\business_card\obj/../src/usb_keyboard.h:141
            hid_protocol=value; report_sent=0; EP0_Status(); return;
    105a:	20000797          	auipc	a5,0x20000
    105e:	94b78723          	sb	a1,-1714(a5) # 200009a8 <hid_protocol>
    1062:	82018aa3          	sb	zero,-1995(gp) # 200009dd <report_sent>
    1066:	b529                	j	e70 <USB_Poll+0x1a0>
EP0_Stall():
d:\workspace\business_card\obj/../src/usb_keyboard.h:39
    ctrl_state=CTRL_IDLE;
    1068:	80018c23          	sb	zero,-2024(gp) # 200009c0 <ctrl_state>
d:\workspace\business_card\obj/../src/usb_keyboard.h:40
    pending_address=0xff;
    106c:	57fd                	li	a5,-1
    106e:	82f18a23          	sb	a5,-1996(gp) # 200009dc <pending_address>
d:\workspace\business_card\obj/../src/usb_keyboard.h:41
    R8_UEP0_CTRL=RB_UEP_R_TOG|RB_UEP_T_TOG|UEP_R_RES_STALL|UEP_T_RES_STALL;
    1072:	fcf00793          	li	a5,-49
USB_Poll():
d:\workspace\business_card\obj/../src/usb_keyboard.h:165
                    else { ctrl_state=CTRL_STATUS_OUT; R8_UEP0_CTRL=RB_UEP_R_TOG|UEP_R_RES_ACK|UEP_T_RES_NAK; }
    1076:	02f40123          	sb	a5,34(s0)
    107a:	b359                	j	e00 <USB_Poll+0x130>
d:\workspace\business_card\obj/../src/usb_keyboard.h:161
        else switch(st & (MASK_UIS_TOKEN|MASK_UIS_ENDP)) {
    107c:	03f7f713          	andi	a4,a5,63
    1080:	02000693          	li	a3,32
    1084:	02d70c63          	beq	a4,a3,10bc <USB_Poll+0x3ec>
    1088:	02100693          	li	a3,33
    108c:	0ad70563          	beq	a4,a3,1136 <USB_Poll+0x466>
    1090:	d60718e3          	bnez	a4,e00 <USB_Poll+0x130>
d:\workspace\business_card\obj/../src/usb_keyboard.h:174
                if(!(st & RB_UIS_TOG_OK)) break;
    1094:	0407f793          	andi	a5,a5,64
    1098:	d60784e3          	beqz	a5,e00 <USB_Poll+0x130>
d:\workspace\business_card\obj/../src/usb_keyboard.h:175
                if(ctrl_state==CTRL_LED_OUT && R8_USB_RX_LEN==1) {
    109c:	8181c783          	lbu	a5,-2024(gp) # 200009c0 <ctrl_state>
    10a0:	4711                	li	a4,4
    10a2:	06e79e63          	bne	a5,a4,111e <USB_Poll+0x44e>
d:\workspace\business_card\obj/../src/usb_keyboard.h:175 (discriminator 1)
    10a6:	00844783          	lbu	a5,8(s0)
    10aa:	4705                	li	a4,1
    10ac:	0cf71963          	bne	a4,a5,117e <USB_Poll+0x4ae>
d:\workspace\business_card\obj/../src/usb_keyboard.h:176
                    hid_leds=EP0_Databuf[0]&0x1f; EP0_Status();
    10b0:	8441c783          	lbu	a5,-1980(gp) # 200009ec <EP0_Databuf>
    10b4:	8bfd                	andi	a5,a5,31
    10b6:	82f183a3          	sb	a5,-2009(gp) # 200009cf <hid_leds>
    10ba:	bb5d                	j	e70 <USB_Poll+0x1a0>
d:\workspace\business_card\obj/../src/usb_keyboard.h:163
                if(ctrl_state==CTRL_IN) {
    10bc:	8181c783          	lbu	a5,-2024(gp) # 200009c0 <ctrl_state>
    10c0:	4705                	li	a4,1
    10c2:	02e79863          	bne	a5,a4,10f2 <USB_Poll+0x422>
d:\workspace\business_card\obj/../src/usb_keyboard.h:164
                    if(ctrl_remaining || ctrl_zlp) { R8_UEP0_CTRL^=RB_UEP_T_TOG; EP0_Packet(); }
    10c6:	80c1d783          	lhu	a5,-2036(gp) # 200009b4 <ctrl_remaining>
    10ca:	e781                	bnez	a5,10d2 <USB_Poll+0x402>
d:\workspace\business_card\obj/../src/usb_keyboard.h:164 (discriminator 2)
    10cc:	8191c783          	lbu	a5,-2023(gp) # 200009c1 <ctrl_zlp>
    10d0:	cb99                	beqz	a5,10e6 <USB_Poll+0x416>
d:\workspace\business_card\obj/../src/usb_keyboard.h:164 (discriminator 3)
    10d2:	40008737          	lui	a4,0x40008
    10d6:	02274783          	lbu	a5,34(a4) # 40008022 <_eusrstack+0x20000022>
    10da:	0407c793          	xori	a5,a5,64
    10de:	02f70123          	sb	a5,34(a4)
    10e2:	3cc1                	jal	bb2 <EP0_Packet>
    10e4:	bb31                	j	e00 <USB_Poll+0x130>
d:\workspace\business_card\obj/../src/usb_keyboard.h:165
                    else { ctrl_state=CTRL_STATUS_OUT; R8_UEP0_CTRL=RB_UEP_R_TOG|UEP_R_RES_ACK|UEP_T_RES_NAK; }
    10e6:	4789                	li	a5,2
    10e8:	80f18c23          	sb	a5,-2024(gp) # 200009c0 <ctrl_state>
    10ec:	f8200793          	li	a5,-126
    10f0:	b759                	j	1076 <USB_Poll+0x3a6>
d:\workspace\business_card\obj/../src/usb_keyboard.h:167
                else if(ctrl_state==CTRL_STATUS_IN) {
    10f2:	470d                	li	a4,3
    10f4:	d0e796e3          	bne	a5,a4,e00 <USB_Poll+0x130>
d:\workspace\business_card\obj/../src/usb_keyboard.h:168
                    if(pending_address!=0xff) R8_USB_DEV_AD=pending_address;
    10f8:	8341c783          	lbu	a5,-1996(gp) # 200009dc <pending_address>
    10fc:	0ff00713          	li	a4,255
    1100:	00e78463          	beq	a5,a4,1108 <USB_Poll+0x438>
d:\workspace\business_card\obj/../src/usb_keyboard.h:168 (discriminator 1)
    1104:	00f401a3          	sb	a5,3(s0)
d:\workspace\business_card\obj/../src/usb_keyboard.h:169
                    pending_address=0xff; ctrl_state=CTRL_IDLE;
    1108:	57fd                	li	a5,-1
    110a:	82f18a23          	sb	a5,-1996(gp) # 200009dc <pending_address>
    110e:	80018c23          	sb	zero,-2024(gp) # 200009c0 <ctrl_state>
d:\workspace\business_card\obj/../src/usb_keyboard.h:170
                    R8_UEP0_CTRL=UEP_R_RES_ACK|UEP_T_RES_NAK;
    1112:	400087b7          	lui	a5,0x40008
    1116:	4709                	li	a4,2
    1118:	02e78123          	sb	a4,34(a5) # 40008022 <_eusrstack+0x20000022>
    111c:	b1d5                	j	e00 <USB_Poll+0x130>
d:\workspace\business_card\obj/../src/usb_keyboard.h:178
                else if((ctrl_state==CTRL_STATUS_OUT || ctrl_state==CTRL_IN) && !R8_USB_RX_LEN) {
    111e:	17fd                	addi	a5,a5,-1
    1120:	0ff7f793          	andi	a5,a5,255
    1124:	4705                	li	a4,1
    1126:	04f76c63          	bltu	a4,a5,117e <USB_Poll+0x4ae>
d:\workspace\business_card\obj/../src/usb_keyboard.h:178 (discriminator 1)
    112a:	00844783          	lbu	a5,8(s0)
    112e:	0ff7f793          	andi	a5,a5,255
    1132:	e7b1                	bnez	a5,117e <USB_Poll+0x4ae>
    1134:	bfe9                	j	110e <USB_Poll+0x43e>
d:\workspace\business_card\obj/../src/usb_keyboard.h:184
                R8_UEP1_CTRL^=RB_UEP_T_TOG;
    1136:	02644783          	lbu	a5,38(s0)
    113a:	0407c793          	xori	a5,a5,64
    113e:	02f40323          	sb	a5,38(s0)
d:\workspace\business_card\obj/../src/usb_keyboard.h:185
                R8_UEP1_CTRL=(R8_UEP1_CTRL & ~MASK_UEP_T_RES)|UEP_T_RES_NAK;
    1142:	02644783          	lbu	a5,38(s0)
    1146:	0fc7f793          	andi	a5,a5,252
    114a:	0027e793          	ori	a5,a5,2
    114e:	02f40323          	sb	a5,38(s0)
d:\workspace\business_card\obj/../src/usb_keyboard.h:186
                memcpy(last_report,EP1_Databuf,8);
    1152:	88418793          	addi	a5,gp,-1916 # 20000a2c <EP1_Databuf>
    1156:	4398                	lw	a4,0(a5)
    1158:	43dc                	lw	a5,4(a5)
    115a:	82e1a423          	sw	a4,-2008(gp) # 200009d0 <last_report>
    115e:	82f1a623          	sw	a5,-2004(gp) # 200009d4 <last_report+0x4>
d:\workspace\business_card\obj/../src/usb_keyboard.h:187
                report_sent=1; ep1_busy=0; last_report_tick=SYS_GetSysTickCnt();
    1162:	4785                	li	a5,1
    1164:	82f18aa3          	sb	a5,-1995(gp) # 200009dd <report_sent>
    1168:	82018223          	sb	zero,-2012(gp) # 200009cc <ep1_busy>
    116c:	147000ef          	jal	ra,1ab2 <SYS_GetSysTickCnt>
    1170:	82a1a823          	sw	a0,-2000(gp) # 200009d8 <last_report_tick>
d:\workspace\business_card\obj/../src/usb_keyboard.h:188
                break;
    1174:	b171                	j	e00 <USB_Poll+0x130>
USB_Setup():
d:\workspace\business_card\obj/../src/usb_keyboard.h:108
    else if(req==0 && !value && length==2 &&
    1176:	04088a63          	beqz	a7,11ca <USB_Poll+0x4fa>
d:\workspace\business_card\obj/../src/usb_keyboard.h:126
    else if(!index && usb_config && type==0xa1) {
    117a:	d60686e3          	beqz	a3,ee6 <USB_Poll+0x216>
EP0_Stall():
d:\workspace\business_card\obj/../src/usb_keyboard.h:39
    ctrl_state=CTRL_IDLE;
    117e:	80018c23          	sb	zero,-2024(gp) # 200009c0 <ctrl_state>
d:\workspace\business_card\obj/../src/usb_keyboard.h:40
    pending_address=0xff;
    1182:	57fd                	li	a5,-1
    1184:	82f18a23          	sb	a5,-1996(gp) # 200009dc <pending_address>
d:\workspace\business_card\obj/../src/usb_keyboard.h:41
    R8_UEP0_CTRL=RB_UEP_R_TOG|RB_UEP_T_TOG|UEP_R_RES_STALL|UEP_T_RES_STALL;
    1188:	fcf00713          	li	a4,-49
    118c:	400087b7          	lui	a5,0x40008
    1190:	b761                	j	1118 <USB_Poll+0x448>
USB_Setup():
d:\workspace\business_card\obj/../src/usb_keyboard.h:114
    else if(type==2 && (req==1 || req==3) && !value && index==0x81 && !length && usb_config) {
    1192:	dac70fe3          	beq	a4,a2,f50 <USB_Poll+0x280>
d:\workspace\business_card\obj/../src/usb_keyboard.h:122
    else if(type==1 && req==11 && !value && !index && !length && usb_config) {
    1196:	4505                	li	a0,1
    1198:	fea711e3          	bne	a4,a0,117a <USB_Poll+0x4aa>
    119c:	452d                	li	a0,11
    119e:	fca89ee3          	bne	a7,a0,117a <USB_Poll+0x4aa>
    11a2:	ffe1                	bnez	a5,117a <USB_Poll+0x4aa>
    11a4:	fee9                	bnez	a3,117e <USB_Poll+0x4ae>
    11a6:	d40610e3          	bnez	a2,ee6 <USB_Poll+0x216>
    11aa:	83d1c683          	lbu	a3,-1987(gp) # 200009e5 <usb_config>
    11ae:	d2068ce3          	beqz	a3,ee6 <USB_Poll+0x216>
d:\workspace\business_card\obj/../src/usb_keyboard.h:123
        ep1_busy=ep1_halted=report_sent=0;
    11b2:	82018aa3          	sb	zero,-1995(gp) # 200009dd <report_sent>
    11b6:	820182a3          	sb	zero,-2011(gp) # 200009cd <ep1_halted>
    11ba:	82018223          	sb	zero,-2012(gp) # 200009cc <ep1_busy>
d:\workspace\business_card\obj/../src/usb_keyboard.h:124
        R8_UEP1_CTRL=UEP_R_RES_NAK|UEP_T_RES_NAK; EP0_Status(); return;
    11be:	400087b7          	lui	a5,0x40008
    11c2:	b9f1                	j	e9e <USB_Poll+0x1ce>
d:\workspace\business_card\obj/../src/usb_keyboard.h:97
    else if(type==0 && req==5 && value<128 && !index && !length && !usb_config) {
    11c4:	db5d                	beqz	a4,117a <USB_Poll+0x4aa>
d:\workspace\business_card\obj/../src/usb_keyboard.h:108
    else if(req==0 && !value && length==2 &&
    11c6:	d80892e3          	bnez	a7,f4a <USB_Poll+0x27a>
    11ca:	d80790e3          	bnez	a5,f4a <USB_Poll+0x27a>
    11ce:	4809                	li	a6,2
    11d0:	d7061de3          	bne	a2,a6,f4a <USB_Poll+0x27a>
    11d4:	08000813          	li	a6,128
    11d8:	cf071de3          	bne	a4,a6,ed2 <USB_Poll+0x202>
d:\workspace\business_card\obj/../src/usb_keyboard.h:109
            ((type==0x80 && !index) || (type==0x81 && !index && usb_config) ||
    11dc:	f2cd                	bnez	a3,117e <USB_Poll+0x4ae>
d:\workspace\business_card\obj/../src/usb_keyboard.h:111
        ctrl_reply[0]=(type==0x82 && index==0x81) ? ep1_halted : 0;
    11de:	4781                	li	a5,0
    11e0:	bba1                	j	f38 <USB_Poll+0x268>

000011e2 <ReadElectrodes>:
ReadElectrodes():
d:\workspace\business_card\obj/../src/Main.c:73
    *value=(uint32_t)(SYS_GetSysTickCnt()-start)/60u;
    return 1;
}

static uint8_t ReadElectrodes(void)
{
    11e2:	7139                	addi	sp,sp,-64
    11e4:	da26                	sw	s1,52(sp)
    11e6:	d64e                	sw	s3,44(sp)
    11e8:	d452                	sw	s4,40(sp)
    11ea:	d256                	sw	s5,36(sp)
    11ec:	d05a                	sw	s6,32(sp)
    11ee:	de06                	sw	ra,60(sp)
    11f0:	dc22                	sw	s0,56(sp)
    11f2:	d84a                	sw	s2,48(sp)
    11f4:	ce5e                	sw	s7,28(sp)
d:\workspace\business_card\obj/../src/Main.c:75
    uint8_t i,j,ok=1;
    uint16_t value=0;
    11f6:	00011723          	sh	zero,14(sp)
    11fa:	4481                	li	s1,0
d:\workspace\business_card\obj/../src/Main.c:74
    uint8_t i,j,ok=1;
    11fc:	4985                	li	s3,1
d:\workspace\business_card\obj/../src/Main.c:79
    uint32_t sum;
    for(i=0;i<14;i++) {
        /* Discard the first conversion after switching the ADC channel. */
        if(!TK_Read(touch_channel[i],&value)) { ok=0; continue; }
    11fe:	00001a97          	auipc	s5,0x1
    1202:	a82a8a93          	addi	s5,s5,-1406 # 1c80 <touch_channel>
d:\workspace\business_card\obj/../src/Main.c:86
        for(j=0;j<4;j++) {
            if(!TK_Read(touch_channel[i],&value)) ok=0;
            sum+=value;
            USB_Poll();
        }
        touch_raw[i]=sum/4;
    1206:	99818b13          	addi	s6,gp,-1640 # 20000b40 <touch_raw>
d:\workspace\business_card\obj/../src/Main.c:77
    for(i=0;i<14;i++) {
    120a:	4a39                	li	s4,14
d:\workspace\business_card\obj/../src/Main.c:79
        if(!TK_Read(touch_channel[i],&value)) { ok=0; continue; }
    120c:	009a87b3          	add	a5,s5,s1
    1210:	0007cb83          	lbu	s7,0(a5) # 40008000 <_eusrstack+0x20000000>
    1214:	00e10593          	addi	a1,sp,14
    1218:	855e                	mv	a0,s7
    121a:	3c05                	jal	c4a <TK_Read>
    121c:	cd41                	beqz	a0,12b4 <ReadElectrodes+0xd2>
    121e:	4911                	li	s2,4
d:\workspace\business_card\obj/../src/Main.c:80
        sum=0;
    1220:	4401                	li	s0,0
d:\workspace\business_card\obj/../src/Main.c:82
            if(!TK_Read(touch_channel[i],&value)) ok=0;
    1222:	00e10593          	addi	a1,sp,14
    1226:	855e                	mv	a0,s7
    1228:	340d                	jal	c4a <TK_Read>
    122a:	e111                	bnez	a0,122e <ReadElectrodes+0x4c>
    122c:	4981                	li	s3,0
d:\workspace\business_card\obj/../src/Main.c:83 (discriminator 2)
            sum+=value;
    122e:	00e15783          	lhu	a5,14(sp)
    1232:	197d                	addi	s2,s2,-1
    1234:	0ff97913          	andi	s2,s2,255
    1238:	943e                	add	s0,s0,a5
d:\workspace\business_card\obj/../src/Main.c:84 (discriminator 2)
            USB_Poll();
    123a:	3c59                	jal	cd0 <USB_Poll>
d:\workspace\business_card\obj/../src/Main.c:81 (discriminator 2)
        for(j=0;j<4;j++) {
    123c:	fe0913e3          	bnez	s2,1222 <ReadElectrodes+0x40>
d:\workspace\business_card\obj/../src/Main.c:86
        touch_raw[i]=sum/4;
    1240:	8009                	srli	s0,s0,0x2
    1242:	0442                	slli	s0,s0,0x10
    1244:	00149793          	slli	a5,s1,0x1
    1248:	8041                	srli	s0,s0,0x10
    124a:	97da                	add	a5,a5,s6
    124c:	00879023          	sh	s0,0(a5)
    1250:	0485                	addi	s1,s1,1
d:\workspace\business_card\obj/../src/Main.c:77 (discriminator 2)
    for(i=0;i<14;i++) {
    1252:	fb449de3          	bne	s1,s4,120c <ReadElectrodes+0x2a>
d:\workspace\business_card\obj/../src/Main.c:88
    }
    USB_Poll();
    1256:	3cad                	jal	cd0 <USB_Poll>
R8_Read():
d:\workspace\business_card\obj/../src/Main.c:56
    GPIOB_SetBits(GPIO_Pin_8);
    1258:	40001737          	lui	a4,0x40001
    125c:	0c872783          	lw	a5,200(a4) # 400010c8 <_eusrstack+0x1fff90c8>
d:\workspace\business_card\obj/../src/Main.c:57
    GPIOB_ModeCfg(GPIO_Pin_8,GPIO_ModeOut_PP_5mA);
    1260:	458d                	li	a1,3
    1262:	10000513          	li	a0,256
d:\workspace\business_card\obj/../src/Main.c:56
    GPIOB_SetBits(GPIO_Pin_8);
    1266:	1007e793          	ori	a5,a5,256
    126a:	0cf72423          	sw	a5,200(a4)
d:\workspace\business_card\obj/../src/Main.c:57
    GPIOB_ModeCfg(GPIO_Pin_8,GPIO_ModeOut_PP_5mA);
    126e:	784000ef          	jal	ra,19f2 <GPIOB_ModeCfg>
d:\workspace\business_card\obj/../src/Main.c:58
    DelayUs(10);
    1272:	4529                	li	a0,10
    1274:	1ffff097          	auipc	ra,0x1ffff
    1278:	2d4080e7          	jalr	724(ra) # 20000548 <mDelayuS>
d:\workspace\business_card\obj/../src/Main.c:59
    GPIOB_ModeCfg(GPIO_Pin_8,GPIO_ModeIN_Floating);
    127c:	4581                	li	a1,0
    127e:	10000513          	li	a0,256
    1282:	770000ef          	jal	ra,19f2 <GPIOB_ModeCfg>
d:\workspace\business_card\obj/../src/Main.c:60
    start=SYS_GetSysTickCnt();
    1286:	02d000ef          	jal	ra,1ab2 <SYS_GetSysTickCnt>
d:\workspace\business_card\obj/../src/Main.c:63
        if(elapsed>=R8_TIMEOUT_US*60u) {
    128a:	649d                	lui	s1,0x7
d:\workspace\business_card\obj/../src/Main.c:60
    start=SYS_GetSysTickCnt();
    128c:	842a                	mv	s0,a0
d:\workspace\business_card\obj/../src/Main.c:61
    while(GPIOB_ReadPortPin(GPIO_Pin_8)) {
    128e:	40001937          	lui	s2,0x40001
d:\workspace\business_card\obj/../src/Main.c:63
        if(elapsed>=R8_TIMEOUT_US*60u) {
    1292:	52f48493          	addi	s1,s1,1327 # 752f <_data_lma+0x5873>
d:\workspace\business_card\obj/../src/Main.c:61
    while(GPIOB_ReadPortPin(GPIO_Pin_8)) {
    1296:	0c492783          	lw	a5,196(s2) # 400010c4 <_eusrstack+0x1fff90c4>
    129a:	1007f793          	andi	a5,a5,256
    129e:	ef89                	bnez	a5,12b8 <ReadElectrodes+0xd6>
d:\workspace\business_card\obj/../src/Main.c:68
    *value=(uint32_t)(SYS_GetSysTickCnt()-start)/60u;
    12a0:	013000ef          	jal	ra,1ab2 <SYS_GetSysTickCnt>
    12a4:	8d01                	sub	a0,a0,s0
    12a6:	03c00413          	li	s0,60
    12aa:	02855533          	divu	a0,a0,s0
    12ae:	00a11723          	sh	a0,14(sp)
d:\workspace\business_card\obj/../src/Main.c:69
    return 1;
    12b2:	a839                	j	12d0 <ReadElectrodes+0xee>
ReadElectrodes():
d:\workspace\business_card\obj/../src/Main.c:79
        if(!TK_Read(touch_channel[i],&value)) { ok=0; continue; }
    12b4:	4981                	li	s3,0
    12b6:	bf69                	j	1250 <ReadElectrodes+0x6e>
R8_Read():
d:\workspace\business_card\obj/../src/Main.c:62
        elapsed=(uint32_t)(SYS_GetSysTickCnt()-start);
    12b8:	7fa000ef          	jal	ra,1ab2 <SYS_GetSysTickCnt>
    12bc:	8d01                	sub	a0,a0,s0
d:\workspace\business_card\obj/../src/Main.c:63
        if(elapsed>=R8_TIMEOUT_US*60u) {
    12be:	fca4fce3          	bgeu	s1,a0,1296 <ReadElectrodes+0xb4>
d:\workspace\business_card\obj/../src/Main.c:64
            touch_faults++;
    12c2:	83818793          	addi	a5,gp,-1992 # 200009e0 <touch_faults>
    12c6:	439c                	lw	a5,0(a5)
ReadElectrodes():
d:\workspace\business_card\obj/../src/Main.c:89
    if(!R8_Read(&value)) ok=0;
    12c8:	4981                	li	s3,0
R8_Read():
d:\workspace\business_card\obj/../src/Main.c:64
            touch_faults++;
    12ca:	0785                	addi	a5,a5,1
    12cc:	82f1ac23          	sw	a5,-1992(gp) # 200009e0 <touch_faults>
ReadElectrodes():
d:\workspace\business_card\obj/../src/Main.c:90
    touch_raw[14]=value;
    12d0:	00e15783          	lhu	a5,14(sp)
    12d4:	9af19a23          	sh	a5,-1612(gp) # 20000b5c <touch_raw+0x1c>
d:\workspace\business_card\obj/../src/Main.c:91
    USB_Poll();
    12d8:	3ae5                	jal	cd0 <USB_Poll>
d:\workspace\business_card\obj/../src/Main.c:93
    return ok;
}
    12da:	50f2                	lw	ra,60(sp)
    12dc:	5462                	lw	s0,56(sp)
    12de:	854e                	mv	a0,s3
    12e0:	54d2                	lw	s1,52(sp)
    12e2:	5942                	lw	s2,48(sp)
    12e4:	59b2                	lw	s3,44(sp)
    12e6:	5a22                	lw	s4,40(sp)
    12e8:	5a92                	lw	s5,36(sp)
    12ea:	5b02                	lw	s6,32(sp)
    12ec:	4bf2                	lw	s7,28(sp)
    12ee:	6121                	addi	sp,sp,64
    12f0:	8082                	ret

000012f2 <Touch_Calibrate>:
Touch_Calibrate():
d:\workspace\business_card\obj/../src/Main.c:108
    GPIOB_ModeCfg(GPIO_Pin_8,GPIO_ModeIN_Floating);
    TouchKey_ChSampInit();
}

static void Touch_Calibrate(void)
{
    12f2:	715d                	addi	sp,sp,-80
d:\workspace\business_card\obj/../src/Main.c:110
    uint8_t i,n;
    uint32_t sums[TOUCH_CHANNELS]={0};
    12f4:	03c00613          	li	a2,60
    12f8:	4581                	li	a1,0
    12fa:	0048                	addi	a0,sp,4
d:\workspace\business_card\obj/../src/Main.c:108
{
    12fc:	c686                	sw	ra,76(sp)
    12fe:	c4a2                	sw	s0,72(sp)
    1300:	c2a6                	sw	s1,68(sp)
    1302:	c0ca                	sw	s2,64(sp)
d:\workspace\business_card\obj/../src/Main.c:110
    uint32_t sums[TOUCH_CHANNELS]={0};
    1304:	f7aff0ef          	jal	ra,a7e <memset>
d:\workspace\business_card\obj/../src/Main.c:114
    touch_ready=0;
    memset(electrode_state,0,sizeof(electrode_state));
    memset(debounce,0,sizeof(debounce));
    memset(key_state,0,sizeof(key_state));
    1308:	03800613          	li	a2,56
    130c:	4581                	li	a1,0
    130e:	92018513          	addi	a0,gp,-1760 # 20000ac8 <key_state>
d:\workspace\business_card\obj/../src/Main.c:111
    touch_ready=0;
    1312:	82018e23          	sb	zero,-1988(gp) # 200009e4 <touch_ready>
d:\workspace\business_card\obj/../src/Main.c:112
    memset(electrode_state,0,sizeof(electrode_state));
    1316:	9001a823          	sw	zero,-1776(gp) # 20000ab8 <electrode_state>
    131a:	9001aa23          	sw	zero,-1772(gp) # 20000abc <electrode_state+0x4>
    131e:	9001ac23          	sw	zero,-1768(gp) # 20000ac0 <electrode_state+0x8>
    1322:	90019e23          	sh	zero,-1764(gp) # 20000ac4 <electrode_state+0xc>
    1326:	90018f23          	sb	zero,-1762(gp) # 20000ac6 <electrode_state+0xe>
d:\workspace\business_card\obj/../src/Main.c:113
    memset(debounce,0,sizeof(debounce));
    132a:	9001a023          	sw	zero,-1792(gp) # 20000aa8 <debounce>
    132e:	9001a223          	sw	zero,-1788(gp) # 20000aac <debounce+0x4>
    1332:	9001a423          	sw	zero,-1784(gp) # 20000ab0 <debounce+0x8>
    1336:	90019623          	sh	zero,-1780(gp) # 20000ab4 <debounce+0xc>
    133a:	90018723          	sb	zero,-1778(gp) # 20000ab6 <debounce+0xe>
d:\workspace\business_card\obj/../src/Main.c:115
    memset(current_report,0,sizeof(current_report));
    133e:	02000413          	li	s0,32
d:\workspace\business_card\obj/../src/Main.c:114
    memset(key_state,0,sizeof(key_state));
    1342:	f3cff0ef          	jal	ra,a7e <memset>
d:\workspace\business_card\obj/../src/Main.c:118
    for(n=0;n<CALIB_SAMPLES;n++) {
        if(!ReadElectrodes()) return;
        for(i=0;i<TOUCH_CHANNELS;i++) sums[i]+=touch_raw[i];
    1346:	99818493          	addi	s1,gp,-1640 # 20000b40 <touch_raw>
d:\workspace\business_card\obj/../src/Main.c:115
    memset(current_report,0,sizeof(current_report));
    134a:	8001ae23          	sw	zero,-2020(gp) # 200009c4 <current_report>
    134e:	8201a023          	sw	zero,-2016(gp) # 200009c8 <current_report+0x4>
d:\workspace\business_card\obj/../src/Main.c:118
        for(i=0;i<TOUCH_CHANNELS;i++) sums[i]+=touch_raw[i];
    1352:	493d                	li	s2,15
d:\workspace\business_card\obj/../src/Main.c:117
        if(!ReadElectrodes()) return;
    1354:	3579                	jal	11e2 <ReadElectrodes>
    1356:	c535                	beqz	a0,13c2 <Touch_Calibrate+0xd0>
    1358:	004c                	addi	a1,sp,4
    135a:	872e                	mv	a4,a1
    135c:	4781                	li	a5,0
d:\workspace\business_card\obj/../src/Main.c:118 (discriminator 3)
        for(i=0;i<TOUCH_CHANNELS;i++) sums[i]+=touch_raw[i];
    135e:	00179693          	slli	a3,a5,0x1
    1362:	96a6                	add	a3,a3,s1
    1364:	0006d603          	lhu	a2,0(a3)
    1368:	4314                	lw	a3,0(a4)
    136a:	0785                	addi	a5,a5,1
    136c:	0711                	addi	a4,a4,4
    136e:	96b2                	add	a3,a3,a2
    1370:	fed72e23          	sw	a3,-4(a4)
    1374:	ff2795e3          	bne	a5,s2,135e <Touch_Calibrate+0x6c>
    1378:	147d                	addi	s0,s0,-1
    137a:	0ff47413          	andi	s0,s0,255
d:\workspace\business_card\obj/../src/Main.c:116 (discriminator 2)
    for(n=0;n<CALIB_SAMPLES;n++) {
    137e:	f879                	bnez	s0,1354 <Touch_Calibrate+0x62>
    1380:	8c418613          	addi	a2,gp,-1852 # 20000a6c <baseline_q8>
d:\workspace\business_card\obj/../src/Main.c:116
    1384:	4701                	li	a4,0
d:\workspace\business_card\obj/../src/Main.c:121
    }
    for(i=0;i<TOUCH_CHANNELS;i++) {
        touch_base[i]=sums[i]/CALIB_SAMPLES;
    1386:	95818313          	addi	t1,gp,-1704 # 20000b00 <touch_base>
d:\workspace\business_card\obj/../src/Main.c:123
        baseline_q8[i]=(int32_t)touch_base[i]*256;
        touch_delta[i]=0;
    138a:	97818893          	addi	a7,gp,-1672 # 20000b20 <touch_delta>
d:\workspace\business_card\obj/../src/Main.c:120
    for(i=0;i<TOUCH_CHANNELS;i++) {
    138e:	483d                	li	a6,15
d:\workspace\business_card\obj/../src/Main.c:121 (discriminator 3)
        touch_base[i]=sums[i]/CALIB_SAMPLES;
    1390:	419c                	lw	a5,0(a1)
    1392:	00171693          	slli	a3,a4,0x1
    1396:	00d30533          	add	a0,t1,a3
    139a:	8395                	srli	a5,a5,0x5
    139c:	07c2                	slli	a5,a5,0x10
    139e:	83c1                	srli	a5,a5,0x10
    13a0:	00f51023          	sh	a5,0(a0)
d:\workspace\business_card\obj/../src/Main.c:122 (discriminator 3)
        baseline_q8[i]=(int32_t)touch_base[i]*256;
    13a4:	00055783          	lhu	a5,0(a0)
d:\workspace\business_card\obj/../src/Main.c:123 (discriminator 3)
        touch_delta[i]=0;
    13a8:	96c6                	add	a3,a3,a7
    13aa:	00069023          	sh	zero,0(a3)
d:\workspace\business_card\obj/../src/Main.c:122 (discriminator 3)
        baseline_q8[i]=(int32_t)touch_base[i]*256;
    13ae:	07a2                	slli	a5,a5,0x8
    13b0:	c21c                	sw	a5,0(a2)
d:\workspace\business_card\obj/../src/Main.c:123 (discriminator 3)
        touch_delta[i]=0;
    13b2:	0705                	addi	a4,a4,1
    13b4:	0591                	addi	a1,a1,4
    13b6:	0611                	addi	a2,a2,4
d:\workspace\business_card\obj/../src/Main.c:120 (discriminator 3)
    for(i=0;i<TOUCH_CHANNELS;i++) {
    13b8:	fd071ce3          	bne	a4,a6,1390 <Touch_Calibrate+0x9e>
d:\workspace\business_card\obj/../src/Main.c:125
    }
    touch_ready=1;
    13bc:	4785                	li	a5,1
    13be:	82f18e23          	sb	a5,-1988(gp) # 200009e4 <touch_ready>
d:\workspace\business_card\obj/../src/Main.c:126
}
    13c2:	40b6                	lw	ra,76(sp)
    13c4:	4426                	lw	s0,72(sp)
    13c6:	4496                	lw	s1,68(sp)
    13c8:	4906                	lw	s2,64(sp)
    13ca:	6161                	addi	sp,sp,80
    13cc:	8082                	ret

000013ce <main>:
main():
d:\workspace\business_card\obj/../src/Main.c:165
    memcpy(key_state,next,sizeof(key_state));
    BuildReport(key_state,current_report);
}

int main(void)
{
    13ce:	7171                	addi	sp,sp,-176
d:\workspace\business_card\obj/../src/Main.c:167
    uint32_t last_scan,last_retry;
    SetSysClock(CLK_SOURCE_PLL_60MHz);
    13d0:	04800513          	li	a0,72
d:\workspace\business_card\obj/../src/Main.c:165
{
    13d4:	d706                	sw	ra,172(sp)
    13d6:	d326                	sw	s1,164(sp)
    13d8:	d522                	sw	s0,168(sp)
    13da:	d14a                	sw	s2,160(sp)
    13dc:	cf4e                	sw	s3,156(sp)
    13de:	cd52                	sw	s4,152(sp)
    13e0:	cb56                	sw	s5,148(sp)
    13e2:	c95a                	sw	s6,144(sp)
    13e4:	c75e                	sw	s7,140(sp)
    13e6:	c562                	sw	s8,136(sp)
    13e8:	c366                	sw	s9,132(sp)
    13ea:	c16a                	sw	s10,128(sp)
    13ec:	deee                	sw	s11,124(sp)
d:\workspace\business_card\obj/../src/Main.c:167
    SetSysClock(CLK_SOURCE_PLL_60MHz);
    13ee:	1ffff097          	auipc	ra,0x1ffff
    13f2:	ca4080e7          	jalr	-860(ra) # 20000092 <SetSysClock>
d:\workspace\business_card\obj/../src/Main.c:169
    /* Free running 60 MHz counter, no SysTick interrupt. */
    SysTick->CTLR=0;
    13f6:	e000f7b7          	lui	a5,0xe000f
    13fa:	0007a023          	sw	zero,0(a5) # e000f000 <_eusrstack+0xc0007000>
d:\workspace\business_card\obj/../src/Main.c:170
    SysTick->CNT=0;
    13fe:	4681                	li	a3,0
    1400:	c794                	sw	a3,8(a5)
    1402:	4701                	li	a4,0
    1404:	c7d8                	sw	a4,12(a5)
d:\workspace\business_card\obj/../src/Main.c:171
    SysTick->CMP=~(uint64_t)0;
    1406:	567d                	li	a2,-1
    1408:	cb90                	sw	a2,16(a5)
    140a:	56fd                	li	a3,-1
    140c:	cbd4                	sw	a3,20(a5)
d:\workspace\business_card\obj/../src/Main.c:172
    SysTick->CTLR=SysTick_CTLR_STCLK|SysTick_CTLR_STE;
    140e:	4715                	li	a4,5
Touch_Init():
d:\workspace\business_card\obj/../src/Main.c:97
    GPIOA_ModeCfg(TOUCH_PINS,GPIO_ModeIN_Floating);
    1410:	653d                	lui	a0,0xf
main():
d:\workspace\business_card\obj/../src/Main.c:172
    SysTick->CTLR=SysTick_CTLR_STCLK|SysTick_CTLR_STE;
    1412:	c398                	sw	a4,0(a5)
Touch_Init():
d:\workspace\business_card\obj/../src/Main.c:97
    GPIOA_ModeCfg(TOUCH_PINS,GPIO_ModeIN_Floating);
    1414:	4581                	li	a1,0
    1416:	3ff50513          	addi	a0,a0,1023 # f3ff <_data_lma+0xd743>
    141a:	2b0d                	jal	194c <GPIOA_ModeCfg>
d:\workspace\business_card\obj/../src/Main.c:98
    GPIOAGPPCfg(ENABLE,RB_PIN_ADC0_IE|RB_PIN_ADC1_IE|RB_PIN_ADC2_3_IE|
    141c:	65b9                	lui	a1,0xe
    141e:	e0f58593          	addi	a1,a1,-497 # de0f <_data_lma+0xc153>
    1422:	4505                	li	a0,1
    1424:	2d95                	jal	1a98 <GPIOAGPPCfg>
d:\workspace\business_card\obj/../src/Main.c:101
    GPIOB_ResetBits(GPIO_Pin_9);
    1426:	400014b7          	lui	s1,0x40001
    142a:	0cc4a783          	lw	a5,204(s1) # 400010cc <_eusrstack+0x1fff90cc>
d:\workspace\business_card\obj/../src/Main.c:102
    GPIOB_ModeCfg(GPIO_Pin_9,GPIO_ModeOut_PP_5mA);
    142e:	458d                	li	a1,3
    1430:	20000513          	li	a0,512
d:\workspace\business_card\obj/../src/Main.c:101
    GPIOB_ResetBits(GPIO_Pin_9);
    1434:	2007e793          	ori	a5,a5,512
    1438:	0cf4a623          	sw	a5,204(s1)
d:\workspace\business_card\obj/../src/Main.c:102
    GPIOB_ModeCfg(GPIO_Pin_9,GPIO_ModeOut_PP_5mA);
    143c:	2b5d                	jal	19f2 <GPIOB_ModeCfg>
d:\workspace\business_card\obj/../src/Main.c:103
    GPIOB_ModeCfg(GPIO_Pin_8,GPIO_ModeIN_Floating);
    143e:	4581                	li	a1,0
    1440:	10000513          	li	a0,256
    1444:	237d                	jal	19f2 <GPIOB_ModeCfg>
d:\workspace\business_card\obj/../src/Main.c:104
    TouchKey_ChSampInit();
    1446:	21fd                	jal	1934 <TouchKey_ChSampInit>
PFIC_DisableIRQ():
d:\workspace\business_card\RVMSIS/core_riscv.h:124
 *
 * @param   IRQn    - Interrupt Numbers
 */
RV_STATIC_INLINE void PFIC_DisableIRQ(IRQn_Type IRQn)
{
    PFIC->IRER[((uint32_t)(IRQn) >> 5)] = (1 << ((uint32_t)(IRQn)&0x1F));
    1448:	e000e7b7          	lui	a5,0xe000e
    144c:	00400737          	lui	a4,0x400
    1450:	18e7a023          	sw	a4,384(a5) # e000e180 <_eusrstack+0xc0006180>
d:\workspace\business_card\RVMSIS/core_riscv.h:125
    asm volatile("fence.i");
    1454:	0000100f          	fence.i
USB_Init():
d:\workspace\business_card\obj/../src/usb_keyboard.h:213
    R8_UEP1_CTRL=(R8_UEP1_CTRL & ~MASK_UEP_T_RES)|UEP_T_RES_ACK;
}
static void USB_Init(void)
{
    PFIC_DisableIRQ(USB_IRQn);
    R8_USB_CTRL=0;
    1458:	40008437          	lui	s0,0x40008
    145c:	00040023          	sb	zero,0(s0) # 40008000 <_eusrstack+0x20000000>
d:\workspace\business_card\obj/../src/usb_keyboard.h:214
    R8_UEP4_1_MOD=RB_UEP1_TX_EN;
    1460:	04000793          	li	a5,64
    1464:	00f40623          	sb	a5,12(s0)
d:\workspace\business_card\obj/../src/usb_keyboard.h:215
    R8_UEP2_3_MOD=0;
    1468:	000406a3          	sb	zero,13(s0)
d:\workspace\business_card\obj/../src/usb_keyboard.h:216
    R16_UEP0_DMA=(uint16_t)(uintptr_t)EP0_Databuf;
    146c:	84418793          	addi	a5,gp,-1980 # 200009ec <EP0_Databuf>
    1470:	00f41823          	sh	a5,16(s0)
d:\workspace\business_card\obj/../src/usb_keyboard.h:217
    R16_UEP1_DMA=(uint16_t)(uintptr_t)EP1_Databuf;
    1474:	88418793          	addi	a5,gp,-1916 # 20000a2c <EP1_Databuf>
    1478:	00f41a23          	sh	a5,20(s0)
d:\workspace\business_card\obj/../src/usb_keyboard.h:218
    USB_ResetState();
    147c:	ee8ff0ef          	jal	ra,b64 <USB_ResetState>
d:\workspace\business_card\obj/../src/usb_keyboard.h:220
    R8_USB_INT_EN=0;
    R8_USB_INT_FG=0xff;
    1480:	57fd                	li	a5,-1
d:\workspace\business_card\obj/../src/usb_keyboard.h:219
    R8_USB_INT_EN=0;
    1482:	00040123          	sb	zero,2(s0)
d:\workspace\business_card\obj/../src/usb_keyboard.h:220
    R8_USB_INT_FG=0xff;
    1486:	00f40323          	sb	a5,6(s0)
d:\workspace\business_card\obj/../src/usb_keyboard.h:221
    R16_PIN_ANALOG_IE|=RB_PIN_USB_IE|RB_PIN_USB_DP_PU;
    148a:	01a4d783          	lhu	a5,26(s1)
    148e:	0c07e793          	ori	a5,a5,192
    1492:	00f49d23          	sh	a5,26(s1)
d:\workspace\business_card\obj/../src/usb_keyboard.h:222
    R8_UDEV_CTRL=RB_UD_PD_DIS|RB_UD_PORT_EN;
    1496:	f8100793          	li	a5,-127
    149a:	00f400a3          	sb	a5,1(s0)
d:\workspace\business_card\obj/../src/usb_keyboard.h:223
    R8_USB_CTRL=RB_UC_DEV_PU_EN|RB_UC_INT_BUSY|RB_UC_DMA_EN;
    149e:	02900793          	li	a5,41
    14a2:	00f40023          	sb	a5,0(s0)
main():
d:\workspace\business_card\obj/../src/Main.c:176
    Touch_Init();
    USB_Init();
    /* Settle after power-up while continuing to answer enumeration. */
    last_scan=SYS_GetSysTickCnt();
    14a6:	2531                	jal	1ab2 <SYS_GetSysTickCnt>
d:\workspace\business_card\obj/../src/Main.c:177
    while((uint32_t)(SYS_GetSysTickCnt()-last_scan)<60000u*300u) USB_Poll();
    14a8:	0112b437          	lui	s0,0x112b
d:\workspace\business_card\obj/../src/Main.c:176
    last_scan=SYS_GetSysTickCnt();
    14ac:	84aa                	mv	s1,a0
d:\workspace\business_card\obj/../src/Main.c:177
    while((uint32_t)(SYS_GetSysTickCnt()-last_scan)<60000u*300u) USB_Poll();
    14ae:	87f40413          	addi	s0,s0,-1921 # 112a87f <_data_lma+0x1128bc3>
d:\workspace\business_card\obj/../src/Main.c:177 (discriminator 1)
    14b2:	2501                	jal	1ab2 <SYS_GetSysTickCnt>
    14b4:	8d05                	sub	a0,a0,s1
    14b6:	0ea47e63          	bgeu	s0,a0,15b2 <main+0x1e4>
d:\workspace\business_card\obj/../src/Main.c:178
    Touch_Calibrate();
    14ba:	3d25                	jal	12f2 <Touch_Calibrate>
d:\workspace\business_card\obj/../src/Main.c:179
    last_scan=last_retry=SYS_GetSysTickCnt();
    14bc:	2bdd                	jal	1ab2 <SYS_GetSysTickCnt>
d:\workspace\business_card\obj/../src/Main.c:182
    while(1) {
        USB_Poll();
        if((uint32_t)(SYS_GetSysTickCnt()-last_scan)>=SCAN_TICKS) {
    14be:	000497b7          	lui	a5,0x49
    14c2:	3df78793          	addi	a5,a5,991 # 493df <_data_lma+0x47723>
d:\workspace\business_card\obj/../src/Main.c:179
    last_scan=last_retry=SYS_GetSysTickCnt();
    14c6:	84aa                	mv	s1,a0
    14c8:	c62a                	sw	a0,12(sp)
d:\workspace\business_card\obj/../src/Main.c:182
        if((uint32_t)(SYS_GetSysTickCnt()-last_scan)>=SCAN_TICKS) {
    14ca:	c83e                	sw	a5,16(sp)
BuildReport():
d:\workspace\business_card\obj/../src/keyboard_logic.h:68
    for(r=0;r<ROW_CNT;r++) for(c=0;c<COL_CNT;c++) {
        if(!KeyValid(r,c) || !keys[r][c]) continue;
        k=fn && FTab[r][c] ? FTab[r][c] : KTab[r][c];
        if(!k) continue;
        if(k>=0xe0 && k<=0xe7) { report[0] |= 1u<<(k-0xe0); continue; }
        for(i=2;i<n;i++) if(report[i]==k) break;
    14cc:	81c18413          	addi	s0,gp,-2020 # 200009c4 <current_report>
main():
d:\workspace\business_card\obj/../src/Main.c:181
        USB_Poll();
    14d0:	801ff0ef          	jal	ra,cd0 <USB_Poll>
d:\workspace\business_card\obj/../src/Main.c:182
        if((uint32_t)(SYS_GetSysTickCnt()-last_scan)>=SCAN_TICKS) {
    14d4:	2bf9                	jal	1ab2 <SYS_GetSysTickCnt>
    14d6:	47c2                	lw	a5,16(sp)
    14d8:	8d05                	sub	a0,a0,s1
    14da:	04a7fa63          	bgeu	a5,a0,152e <main+0x160>
d:\workspace\business_card\obj/../src/Main.c:183
            last_scan=SYS_GetSysTickCnt();
    14de:	2bd1                	jal	1ab2 <SYS_GetSysTickCnt>
d:\workspace\business_card\obj/../src/Main.c:184
            if(touch_ready) MatrixScan();
    14e0:	83c1c783          	lbu	a5,-1988(gp) # 200009e4 <touch_ready>
d:\workspace\business_card\obj/../src/Main.c:183
            last_scan=SYS_GetSysTickCnt();
    14e4:	84aa                	mv	s1,a0
d:\workspace\business_card\obj/../src/Main.c:184
            if(touch_ready) MatrixScan();
    14e6:	42078b63          	beqz	a5,191c <main+0x54e>
MatrixScan():
d:\workspace\business_card\obj/../src/Main.c:131
    if(!ReadElectrodes()) {
    14ea:	39e5                	jal	11e2 <ReadElectrodes>
    14ec:	0c051663          	bnez	a0,15b8 <main+0x1ea>
d:\workspace\business_card\obj/../src/Main.c:133
        memset(key_state,0,sizeof(key_state));
    14f0:	03800613          	li	a2,56
    14f4:	4581                	li	a1,0
    14f6:	92018513          	addi	a0,gp,-1760 # 20000ac8 <key_state>
    14fa:	d84ff0ef          	jal	ra,a7e <memset>
d:\workspace\business_card\obj/../src/Main.c:134
        memset(electrode_state,0,sizeof(electrode_state));
    14fe:	9001a823          	sw	zero,-1776(gp) # 20000ab8 <electrode_state>
    1502:	9001aa23          	sw	zero,-1772(gp) # 20000abc <electrode_state+0x4>
    1506:	9001ac23          	sw	zero,-1768(gp) # 20000ac0 <electrode_state+0x8>
    150a:	90019e23          	sh	zero,-1764(gp) # 20000ac4 <electrode_state+0xc>
    150e:	90018f23          	sb	zero,-1762(gp) # 20000ac6 <electrode_state+0xe>
d:\workspace\business_card\obj/../src/Main.c:135
        memset(debounce,0,sizeof(debounce));
    1512:	9001a023          	sw	zero,-1792(gp) # 20000aa8 <debounce>
    1516:	9001a223          	sw	zero,-1788(gp) # 20000aac <debounce+0x4>
    151a:	9001a423          	sw	zero,-1784(gp) # 20000ab0 <debounce+0x8>
    151e:	90019623          	sh	zero,-1780(gp) # 20000ab4 <debounce+0xc>
    1522:	90018723          	sb	zero,-1778(gp) # 20000ab6 <debounce+0xe>
d:\workspace\business_card\obj/../src/Main.c:136
        memset(current_report,0,sizeof(current_report));
    1526:	8001ae23          	sw	zero,-2020(gp) # 200009c4 <current_report>
    152a:	8201a023          	sw	zero,-2016(gp) # 200009c8 <current_report+0x4>
USB_SendReport():
d:\workspace\business_card\obj/../src/usb_keyboard.h:202
    uint8_t idle_due=hid_idle && (uint32_t)(SYS_GetSysTickCnt()-last_report_tick)>=(uint32_t)hid_idle*240000u;
    152e:	8261c783          	lbu	a5,-2010(gp) # 200009ce <hid_idle>
    1532:	4501                	li	a0,0
    1534:	c395                	beqz	a5,1558 <main+0x18a>
    1536:	2bb5                	jal	1ab2 <SYS_GetSysTickCnt>
    1538:	83018793          	addi	a5,gp,-2000 # 200009d8 <last_report_tick>
    153c:	439c                	lw	a5,0(a5)
    153e:	0003b737          	lui	a4,0x3b
    1542:	98070713          	addi	a4,a4,-1664 # 3a980 <_data_lma+0x38cc4>
    1546:	8d1d                	sub	a0,a0,a5
    1548:	8261c783          	lbu	a5,-2010(gp) # 200009ce <hid_idle>
    154c:	02e787b3          	mul	a5,a5,a4
    1550:	00f53533          	sltu	a0,a0,a5
    1554:	00154513          	xori	a0,a0,1
d:\workspace\business_card\obj/../src/usb_keyboard.h:203
    if(!usb_config || usb_suspended || ep1_busy || ep1_halted) return;
    1558:	83d1c783          	lbu	a5,-1987(gp) # 200009e5 <usb_config>
    155c:	dbb5                	beqz	a5,14d0 <main+0x102>
    155e:	8241c703          	lbu	a4,-2012(gp) # 200009cc <ep1_busy>
    1562:	83e1c783          	lbu	a5,-1986(gp) # 200009e6 <usb_suspended>
    1566:	8fd9                	or	a5,a5,a4
    1568:	8251c703          	lbu	a4,-2011(gp) # 200009cd <ep1_halted>
    156c:	8fd9                	or	a5,a5,a4
    156e:	f60791e3          	bnez	a5,14d0 <main+0x102>
d:\workspace\business_card\obj/../src/usb_keyboard.h:204
    if(report_sent && !idle_due && !memcmp(current_report,last_report,8)) return;
    1572:	8351c783          	lbu	a5,-1995(gp) # 200009dd <report_sent>
    1576:	cb89                	beqz	a5,1588 <main+0x1ba>
    1578:	e901                	bnez	a0,1588 <main+0x1ba>
    157a:	4621                	li	a2,8
    157c:	82818593          	addi	a1,gp,-2008 # 200009d0 <last_report>
    1580:	8522                	mv	a0,s0
    1582:	2b2d                	jal	1abc <memcmp>
    1584:	f40506e3          	beqz	a0,14d0 <main+0x102>
d:\workspace\business_card\obj/../src/usb_keyboard.h:205
    memcpy(EP1_Databuf,current_report,8);
    1588:	401c                	lw	a5,0(s0)
    158a:	88f1a223          	sw	a5,-1916(gp) # 20000a2c <EP1_Databuf>
    158e:	405c                	lw	a5,4(s0)
    1590:	88f1a423          	sw	a5,-1912(gp) # 20000a30 <EP1_Databuf+0x4>
d:\workspace\business_card\obj/../src/usb_keyboard.h:206
    ep1_busy=1;
    1594:	4785                	li	a5,1
    1596:	82f18223          	sb	a5,-2012(gp) # 200009cc <ep1_busy>
d:\workspace\business_card\obj/../src/usb_keyboard.h:207
    R8_UEP1_T_LEN=8;
    159a:	4721                	li	a4,8
    159c:	400087b7          	lui	a5,0x40008
    15a0:	02e78223          	sb	a4,36(a5) # 40008024 <_eusrstack+0x20000024>
d:\workspace\business_card\obj/../src/usb_keyboard.h:208
    R8_UEP1_CTRL=(R8_UEP1_CTRL & ~MASK_UEP_T_RES)|UEP_T_RES_ACK;
    15a4:	0267c703          	lbu	a4,38(a5)
    15a8:	0fc77713          	andi	a4,a4,252
    15ac:	02e78323          	sb	a4,38(a5)
    15b0:	b705                	j	14d0 <main+0x102>
main():
d:\workspace\business_card\obj/../src/Main.c:177 (discriminator 2)
    while((uint32_t)(SYS_GetSysTickCnt()-last_scan)<60000u*300u) USB_Poll();
    15b2:	f1eff0ef          	jal	ra,cd0 <USB_Poll>
    15b6:	bdf5                	j	14b2 <main+0xe4>
MatrixScan():
d:\workspace\business_card\obj/../src/Main.c:140
        int32_t delta=(int32_t)touch_raw[i]-(baseline_q8[i]>>8);
    15b8:	99818f13          	addi	t5,gp,-1640 # 20000b40 <touch_raw>
    15bc:	8c418893          	addi	a7,gp,-1852 # 20000a6c <baseline_q8>
    15c0:	91018813          	addi	a6,gp,-1776 # 20000ab8 <electrode_state>
    15c4:	90018613          	addi	a2,gp,-1792 # 20000aa8 <debounce>
d:\workspace\business_card\obj/../src/Main.c:131
    if(!ReadElectrodes()) {
    15c8:	4681                	li	a3,0
d:\workspace\business_card\obj/../src/Main.c:130
    uint8_t i,rows=0,cols=0,next[ROW_CNT][COL_CNT];
    15ca:	4981                	li	s3,0
    15cc:	4901                	li	s2,0
d:\workspace\business_card\obj/../src/Main.c:141
        uint16_t magnitude=i==14 ? (delta>0 ? delta : 0) : (delta<0 ? -delta : delta);
    15ce:	40b9                	li	ra,14
    15d0:	8bfa                	mv	s7,t5
d:\workspace\business_card\obj/../src/Main.c:145
        touch_delta[i]=delta;
    15d2:	97818a93          	addi	s5,gp,-1672 # 20000b20 <touch_delta>
d:\workspace\business_card\obj/../src/Main.c:147
            if(++debounce[i]>=DEBOUNCE_FRAMES) { electrode_state[i]=candidate; debounce[i]=0; }
    15d6:	4c09                	li	s8,2
d:\workspace\business_card\obj/../src/Main.c:152
            baseline_q8[i]+=(((int32_t)touch_raw[i]*256)-baseline_q8[i])/128;
    15d8:	08000c93          	li	s9,128
d:\workspace\business_card\obj/../src/Main.c:153
        touch_base[i]=baseline_q8[i]>>8;
    15dc:	95818b13          	addi	s6,gp,-1704 # 20000b00 <touch_base>
d:\workspace\business_card\obj/../src/Main.c:155
            if(i<7) cols|=1u<<i;
    15e0:	4d19                	li	s10,6
d:\workspace\business_card\obj/../src/Main.c:156
            else rows|=1u<<(i-7);
    15e2:	4f85                	li	t6,1
d:\workspace\business_card\obj/../src/Main.c:139
    for(i=0;i<TOUCH_CHANNELS;i++) {
    15e4:	43bd                	li	t2,15
d:\workspace\business_card\obj/../src/Main.c:140
        int32_t delta=(int32_t)touch_raw[i]-(baseline_q8[i]>>8);
    15e6:	00169593          	slli	a1,a3,0x1
    15ea:	00bf07b3          	add	a5,t5,a1
    15ee:	0008ae83          	lw	t4,0(a7)
    15f2:	0007d703          	lhu	a4,0(a5)
    15f6:	408ed793          	srai	a5,t4,0x8
    15fa:	8f1d                	sub	a4,a4,a5
d:\workspace\business_card\obj/../src/Main.c:141
        uint16_t magnitude=i==14 ? (delta>0 ? delta : 0) : (delta<0 ? -delta : delta);
    15fc:	16169e63          	bne	a3,ra,1778 <main+0x3aa>
    1600:	87ba                	mv	a5,a4
    1602:	00075363          	bgez	a4,1608 <main+0x23a>
    1606:	4781                	li	a5,0
    1608:	07c2                	slli	a5,a5,0x10
    160a:	83c1                	srli	a5,a5,0x10
d:\workspace\business_card\obj/../src/Main.c:142
        uint16_t on=i==14 ? R8_PRESS_US : PRESS_DELTA;
    160c:	4521                	li	a0,8
d:\workspace\business_card\obj/../src/Main.c:143
        uint16_t off=i==14 ? R8_RELEASE_US : RELEASE_DELTA;
    160e:	4311                	li	t1,4
d:\workspace\business_card\obj/../src/Main.c:144
        uint8_t candidate=magnitude>=(electrode_state[i] ? off : on);
    1610:	00084283          	lbu	t0,0(a6)
    1614:	00028363          	beqz	t0,161a <main+0x24c>
    1618:	851a                	mv	a0,t1
d:\workspace\business_card\obj/../src/Main.c:145
        touch_delta[i]=delta;
    161a:	0742                	slli	a4,a4,0x10
d:\workspace\business_card\obj/../src/Main.c:144
        uint8_t candidate=magnitude>=(electrode_state[i] ? off : on);
    161c:	00a7ae33          	slt	t3,a5,a0
d:\workspace\business_card\obj/../src/Main.c:145
        touch_delta[i]=delta;
    1620:	8741                	srai	a4,a4,0x10
    1622:	00ba8db3          	add	s11,s5,a1
d:\workspace\business_card\obj/../src/Main.c:144
        uint8_t candidate=magnitude>=(electrode_state[i] ? off : on);
    1626:	001e4e13          	xori	t3,t3,1
d:\workspace\business_card\obj/../src/Main.c:145
        touch_delta[i]=delta;
    162a:	00ed9023          	sh	a4,0(s11)
d:\workspace\business_card\obj/../src/Main.c:146
        if(candidate!=electrode_state[i]) {
    162e:	01c28d63          	beq	t0,t3,1648 <main+0x27a>
d:\workspace\business_card\obj/../src/Main.c:147
            if(++debounce[i]>=DEBOUNCE_FRAMES) { electrode_state[i]=candidate; debounce[i]=0; }
    1632:	00064703          	lbu	a4,0(a2)
    1636:	0705                	addi	a4,a4,1
    1638:	0ff77713          	andi	a4,a4,255
    163c:	00e60023          	sb	a4,0(a2)
    1640:	00ec7663          	bgeu	s8,a4,164c <main+0x27e>
    1644:	01c80023          	sb	t3,0(a6)
d:\workspace\business_card\obj/../src/Main.c:148
        } else debounce[i]=0;
    1648:	00060023          	sb	zero,0(a2)
d:\workspace\business_card\obj/../src/Main.c:151
        if(!candidate && !electrode_state[i] && magnitude<off/2)
    164c:	00084703          	lbu	a4,0(a6)
    1650:	02a7d363          	bge	a5,a0,1676 <main+0x2a8>
    1654:	e30d                	bnez	a4,1676 <main+0x2a8>
    1656:	00135313          	srli	t1,t1,0x1
    165a:	0067fe63          	bgeu	a5,t1,1676 <main+0x2a8>
d:\workspace\business_card\obj/../src/Main.c:152
            baseline_q8[i]+=(((int32_t)touch_raw[i]*256)-baseline_q8[i])/128;
    165e:	00bb87b3          	add	a5,s7,a1
    1662:	0007d783          	lhu	a5,0(a5)
    1666:	07a2                	slli	a5,a5,0x8
    1668:	41d787b3          	sub	a5,a5,t4
    166c:	0397c7b3          	div	a5,a5,s9
    1670:	9ebe                	add	t4,t4,a5
    1672:	01d8a023          	sw	t4,0(a7)
d:\workspace\business_card\obj/../src/Main.c:153
        touch_base[i]=baseline_q8[i]>>8;
    1676:	0008a783          	lw	a5,0(a7)
    167a:	95da                	add	a1,a1,s6
    167c:	87a1                	srai	a5,a5,0x8
    167e:	07c2                	slli	a5,a5,0x10
    1680:	83c1                	srli	a5,a5,0x10
    1682:	00f59023          	sh	a5,0(a1)
d:\workspace\business_card\obj/../src/Main.c:154
        if(electrode_state[i]) {
    1686:	cb09                	beqz	a4,1698 <main+0x2ca>
d:\workspace\business_card\obj/../src/Main.c:155
            if(i<7) cols|=1u<<i;
    1688:	10dd6463          	bltu	s10,a3,1790 <main+0x3c2>
    168c:	00df97b3          	sll	a5,t6,a3
    1690:	00f96933          	or	s2,s2,a5
    1694:	0ff97913          	andi	s2,s2,255
    1698:	0685                	addi	a3,a3,1
    169a:	0891                	addi	a7,a7,4
    169c:	0805                	addi	a6,a6,1
    169e:	0605                	addi	a2,a2,1
d:\workspace\business_card\obj/../src/Main.c:139
    for(i=0;i<TOUCH_CHANNELS;i++) {
    16a0:	f47693e3          	bne	a3,t2,15e6 <main+0x218>
ResolveTouches():
d:\workspace\business_card\obj/../src/keyboard_logic.h:40
    memset(out,0,ROW_CNT*COL_CNT);
    16a4:	03800613          	li	a2,56
    16a8:	4581                	li	a1,0
    16aa:	1828                	addi	a0,sp,56
    16ac:	bd2ff0ef          	jal	ra,a7e <memset>
    16b0:	4781                	li	a5,0
d:\workspace\business_card\obj/../src/keyboard_logic.h:39
    uint8_t r,c,nr=0,nc=0,known_rows=0,known_cols=0;
    16b2:	4d81                	li	s11,0
d:\workspace\business_card\obj/../src/keyboard_logic.h:41
    for(r=0;r<ROW_CNT;r++) if(rows & (1u<<r)) nr++;
    16b4:	46a1                	li	a3,8
    16b6:	00f9d733          	srl	a4,s3,a5
    16ba:	8b05                	andi	a4,a4,1
    16bc:	c701                	beqz	a4,16c4 <main+0x2f6>
    16be:	0d85                	addi	s11,s11,1
    16c0:	0ffdfd93          	andi	s11,s11,255
    16c4:	0785                	addi	a5,a5,1
    16c6:	fed798e3          	bne	a5,a3,16b6 <main+0x2e8>
    16ca:	4781                	li	a5,0
d:\workspace\business_card\obj/../src/keyboard_logic.h:39
    uint8_t r,c,nr=0,nc=0,known_rows=0,known_cols=0;
    16cc:	4701                	li	a4,0
d:\workspace\business_card\obj/../src/keyboard_logic.h:42
    for(c=0;c<COL_CNT;c++) if(cols & (1u<<c)) nc++;
    16ce:	461d                	li	a2,7
    16d0:	00f956b3          	srl	a3,s2,a5
    16d4:	8a85                	andi	a3,a3,1
    16d6:	c681                	beqz	a3,16de <main+0x310>
    16d8:	0705                	addi	a4,a4,1
    16da:	0ff77713          	andi	a4,a4,255
    16de:	0785                	addi	a5,a5,1
    16e0:	fec798e3          	bne	a5,a2,16d0 <main+0x302>
    16e4:	92018a93          	addi	s5,gp,-1760 # 20000ac8 <key_state>
    16e8:	03810a13          	addi	s4,sp,56
    16ec:	8356                	mv	t1,s5
    16ee:	8e52                	mv	t3,s4
    16f0:	4d01                	li	s10,0
d:\workspace\business_card\obj/../src/keyboard_logic.h:39
    uint8_t r,c,nr=0,nc=0,known_rows=0,known_cols=0;
    16f2:	4c01                	li	s8,0
    16f4:	4b01                	li	s6,0
    16f6:	8bd6                	mv	s7,s5
d:\workspace\business_card\obj/../src/keyboard_logic.h:46
        if(out[r][c]) { known_rows |= 1u<<r; known_cols |= 1u<<c; }
    16f8:	4605                	li	a2,1
d:\workspace\business_card\obj/../src/keyboard_logic.h:45
        if(nr==1 || nc==1 || held[r][c]) out[r][c]=1;
    16fa:	4285                	li	t0,1
d:\workspace\business_card\obj/../src/keyboard_logic.h:44
        if(!KeyValid(r,c) || !(rows & (1u<<r)) || !(cols & (1u<<c))) continue;
    16fc:	01a9d8b3          	srl	a7,s3,s10
d:\workspace\business_card\obj/../src/keyboard_logic.h:46
        if(out[r][c]) { known_rows |= 1u<<r; known_cols |= 1u<<c; }
    1700:	01a61833          	sll	a6,a2,s10
    1704:	0ffd7e93          	andi	t4,s10,255
d:\workspace\business_card\obj/../src/keyboard_logic.h:44
        if(!KeyValid(r,c) || !(rows & (1u<<r)) || !(cols & (1u<<c))) continue;
    1708:	0018f893          	andi	a7,a7,1
d:\workspace\business_card\obj/../src/keyboard_logic.h:46
        if(out[r][c]) { known_rows |= 1u<<r; known_cols |= 1u<<c; }
    170c:	0ff87813          	andi	a6,a6,255
    1710:	4c81                	li	s9,0
d:\workspace\business_card\obj/../src/keyboard_logic.h:44
        if(!KeyValid(r,c) || !(rows & (1u<<r)) || !(cols & (1u<<c))) continue;
    1712:	8576                	mv	a0,t4
    1714:	0ffcf593          	andi	a1,s9,255
    1718:	d616                	sw	t0,44(sp)
    171a:	d472                	sw	t3,40(sp)
    171c:	d21a                	sw	t1,36(sp)
    171e:	d03a                	sw	a4,32(sp)
    1720:	ce42                	sw	a6,28(sp)
    1722:	cc46                	sw	a7,24(sp)
    1724:	ca76                	sw	t4,20(sp)
    1726:	c00ff0ef          	jal	ra,b26 <KeyValid>
    172a:	4ed2                	lw	t4,20(sp)
    172c:	48e2                	lw	a7,24(sp)
    172e:	4872                	lw	a6,28(sp)
    1730:	5702                	lw	a4,32(sp)
    1732:	5312                	lw	t1,36(sp)
    1734:	5e22                	lw	t3,40(sp)
    1736:	4f1d                	li	t5,7
    1738:	4fa1                	li	t6,8
    173a:	4605                	li	a2,1
    173c:	52b2                	lw	t0,44(sp)
    173e:	c52d                	beqz	a0,17a8 <main+0x3da>
    1740:	06088463          	beqz	a7,17a8 <main+0x3da>
    1744:	019957b3          	srl	a5,s2,s9
    1748:	8b85                	andi	a5,a5,1
    174a:	cfb9                	beqz	a5,17a8 <main+0x3da>
d:\workspace\business_card\obj/../src/keyboard_logic.h:45
        if(nr==1 || nc==1 || held[r][c]) out[r][c]=1;
    174c:	019e07b3          	add	a5,t3,s9
    1750:	00cd8963          	beq	s11,a2,1762 <main+0x394>
    1754:	00c70763          	beq	a4,a2,1762 <main+0x394>
    1758:	019305b3          	add	a1,t1,s9
    175c:	0005c583          	lbu	a1,0(a1)
    1760:	c1a9                	beqz	a1,17a2 <main+0x3d4>
    1762:	00578023          	sb	t0,0(a5)
d:\workspace\business_card\obj/../src/keyboard_logic.h:46
        if(out[r][c]) { known_rows |= 1u<<r; known_cols |= 1u<<c; }
    1766:	019617b3          	sll	a5,a2,s9
    176a:	00fc67b3          	or	a5,s8,a5
    176e:	01686b33          	or	s6,a6,s6
    1772:	0ff7fc13          	andi	s8,a5,255
    1776:	a80d                	j	17a8 <main+0x3da>
MatrixScan():
d:\workspace\business_card\obj/../src/Main.c:141
        uint16_t magnitude=i==14 ? (delta>0 ? delta : 0) : (delta<0 ? -delta : delta);
    1778:	41f75513          	srai	a0,a4,0x1f
    177c:	00e547b3          	xor	a5,a0,a4
    1780:	8f89                	sub	a5,a5,a0
    1782:	07c2                	slli	a5,a5,0x10
    1784:	83c1                	srli	a5,a5,0x10
d:\workspace\business_card\obj/../src/Main.c:142
        uint16_t on=i==14 ? R8_PRESS_US : PRESS_DELTA;
    1786:	05000513          	li	a0,80
d:\workspace\business_card\obj/../src/Main.c:143
        uint16_t off=i==14 ? R8_RELEASE_US : RELEASE_DELTA;
    178a:	02d00313          	li	t1,45
    178e:	b549                	j	1610 <main+0x242>
d:\workspace\business_card\obj/../src/Main.c:156
            else rows|=1u<<(i-7);
    1790:	ff968793          	addi	a5,a3,-7
    1794:	00ff97b3          	sll	a5,t6,a5
    1798:	00f9e9b3          	or	s3,s3,a5
    179c:	0ff9f993          	andi	s3,s3,255
    17a0:	bde5                	j	1698 <main+0x2ca>
ResolveTouches():
d:\workspace\business_card\obj/../src/keyboard_logic.h:46
    17a2:	0007c783          	lbu	a5,0(a5)
    17a6:	f3e1                	bnez	a5,1766 <main+0x398>
    17a8:	0c85                	addi	s9,s9,1
d:\workspace\business_card\obj/../src/keyboard_logic.h:43
    for(r=0;r<ROW_CNT;r++) for(c=0;c<COL_CNT;c++) {
    17aa:	f7ec94e3          	bne	s9,t5,1712 <main+0x344>
    17ae:	0d05                	addi	s10,s10,1
    17b0:	0e1d                	addi	t3,t3,7
    17b2:	031d                	addi	t1,t1,7
    17b4:	f5fd14e3          	bne	s10,t6,16fc <main+0x32e>
d:\workspace\business_card\obj/../src/keyboard_logic.h:50
    rows &= (uint8_t)~known_rows;
    17b8:	fffb4b13          	not	s6,s6
    17bc:	0169f9b3          	and	s3,s3,s6
d:\workspace\business_card\obj/../src/keyboard_logic.h:52
    if(rows && !(rows & (rows-1)) && cols && !(cols & (cols-1))) {
    17c0:	02098363          	beqz	s3,17e6 <main+0x418>
d:\workspace\business_card\obj/../src/keyboard_logic.h:51
    cols &= (uint8_t)~known_cols;
    17c4:	fffc4793          	not	a5,s8
    17c8:	00f97933          	and	s2,s2,a5
d:\workspace\business_card\obj/../src/keyboard_logic.h:52
    if(rows && !(rows & (rows-1)) && cols && !(cols & (cols-1))) {
    17cc:	00090d63          	beqz	s2,17e6 <main+0x418>
    17d0:	fff98793          	addi	a5,s3,-1
    17d4:	fff90713          	addi	a4,s2,-1
    17d8:	0137f7b3          	and	a5,a5,s3
    17dc:	01277733          	and	a4,a4,s2
    17e0:	8fd9                	or	a5,a5,a4
    17e2:	0e078f63          	beqz	a5,18e0 <main+0x512>
MatrixScan():
d:\workspace\business_card\obj/../src/Main.c:160
    memcpy(key_state,next,sizeof(key_state));
    17e6:	03800613          	li	a2,56
    17ea:	182c                	addi	a1,sp,56
    17ec:	92018513          	addi	a0,gp,-1760 # 20000ac8 <key_state>
    17f0:	2ccd                	jal	1ae2 <memcpy>
BuildReport():
d:\workspace\business_card\obj/../src/keyboard_logic.h:61
    uint8_t fn=keys[3][3] || keys[7][5];
    17f2:	036bc783          	lbu	a5,54(s7) # 1036 <USB_Poll+0x366>
    17f6:	018bcc83          	lbu	s9,24(s7)
d:\workspace\business_card\obj/../src/keyboard_logic.h:62
    memset(report,0,8);
    17fa:	4b01                	li	s6,0
d:\workspace\business_card\obj/../src/keyboard_logic.h:60
    uint8_t r,c,k,i,n=2,overflow=0;
    17fc:	4d01                	li	s10,0
    17fe:	00fcecb3          	or	s9,s9,a5
    1802:	4909                	li	s2,2
d:\workspace\business_card\obj/../src/keyboard_logic.h:62
    memset(report,0,8);
    1804:	8001ae23          	sw	zero,-2020(gp) # 200009c4 <current_report>
    1808:	8201a023          	sw	zero,-2016(gp) # 200009c8 <current_report+0x4>
d:\workspace\business_card\obj/../src/keyboard_logic.h:63
    for(r=0;r<ROW_CNT;r++) for(c=0;c<COL_CNT;c++) {
    180c:	4c1d                	li	s8,7
    180e:	038b0bb3          	mul	s7,s6,s8
    1812:	0ffb7d93          	andi	s11,s6,255
d:\workspace\business_card\obj/../src/keyboard_logic.h:64
        if(!KeyValid(r,c) || !keys[r][c]) continue;
    1816:	4981                	li	s3,0
    1818:	0ff9f593          	andi	a1,s3,255
    181c:	856e                	mv	a0,s11
    181e:	b08ff0ef          	jal	ra,b26 <KeyValid>
    1822:	4685                	li	a3,1
    1824:	00000617          	auipc	a2,0x0
    1828:	37460613          	addi	a2,a2,884 # 1b98 <FTab>
    182c:	4821                	li	a6,8
    182e:	c521                	beqz	a0,1876 <main+0x4a8>
    1830:	013a87b3          	add	a5,s5,s3
    1834:	0007c783          	lbu	a5,0(a5)
    1838:	cf9d                	beqz	a5,1876 <main+0x4a8>
d:\workspace\business_card\obj/../src/keyboard_logic.h:65
        k=fn && FTab[r][c] ? FTab[r][c] : KTab[r][c];
    183a:	000c8763          	beqz	s9,1848 <main+0x47a>
    183e:	017607b3          	add	a5,a2,s7
    1842:	0007c783          	lbu	a5,0(a5)
    1846:	eb89                	bnez	a5,1858 <main+0x48a>
    1848:	00000797          	auipc	a5,0x0
    184c:	38878793          	addi	a5,a5,904 # 1bd0 <KTab>
    1850:	97de                	add	a5,a5,s7
    1852:	0007c783          	lbu	a5,0(a5)
d:\workspace\business_card\obj/../src/keyboard_logic.h:66
        if(!k) continue;
    1856:	c385                	beqz	a5,1876 <main+0x4a8>
d:\workspace\business_card\obj/../src/keyboard_logic.h:67
        if(k>=0xe0 && k<=0xe7) { report[0] |= 1u<<(k-0xe0); continue; }
    1858:	02078713          	addi	a4,a5,32
    185c:	0ff77713          	andi	a4,a4,255
    1860:	0aec6463          	bltu	s8,a4,1908 <main+0x53a>
    1864:	00044703          	lbu	a4,0(s0)
    1868:	f2078793          	addi	a5,a5,-224
    186c:	00f697b3          	sll	a5,a3,a5
    1870:	8fd9                	or	a5,a5,a4
    1872:	80f18e23          	sb	a5,-2020(gp) # 200009c4 <current_report>
    1876:	0985                	addi	s3,s3,1
    1878:	0b85                	addi	s7,s7,1
d:\workspace\business_card\obj/../src/keyboard_logic.h:63
    for(r=0;r<ROW_CNT;r++) for(c=0;c<COL_CNT;c++) {
    187a:	f9899fe3          	bne	s3,s8,1818 <main+0x44a>
    187e:	0b05                	addi	s6,s6,1
    1880:	0a9d                	addi	s5,s5,7
    1882:	f90b16e3          	bne	s6,a6,180e <main+0x440>
d:\workspace\business_card\obj/../src/keyboard_logic.h:73
        if(i<n) continue; /* Several space electrodes represent one key. */
        if(n<8) report[n++]=k;
        else overflow=1;
    }
    if(overflow) memset(report+2,1,6); /* HID ErrorRollOver */
    1886:	ca0d04e3          	beqz	s10,152e <main+0x160>
    188a:	10100793          	li	a5,257
    188e:	80f19f23          	sh	a5,-2018(gp) # 200009c6 <current_report+0x2>
    1892:	82f19023          	sh	a5,-2016(gp) # 200009c8 <current_report+0x4>
    1896:	82f19123          	sh	a5,-2014(gp) # 200009ca <current_report+0x6>
    189a:	b951                	j	152e <main+0x160>
    189c:	0ffb7593          	andi	a1,s6,255
ResolveTouches():
d:\workspace\business_card\obj/../src/keyboard_logic.h:54
            if((rows & (1u<<r)) && (cols & (1u<<c)) && KeyValid(r,c)) out[r][c]=1;
    18a0:	020c8163          	beqz	s9,18c2 <main+0x4f4>
    18a4:	016957b3          	srl	a5,s2,s6
    18a8:	8b85                	andi	a5,a5,1
    18aa:	cf81                	beqz	a5,18c2 <main+0x4f4>
    18ac:	856a                	mv	a0,s10
    18ae:	ca32                	sw	a2,20(sp)
    18b0:	a76ff0ef          	jal	ra,b26 <KeyValid>
    18b4:	4721                	li	a4,8
    18b6:	4652                	lw	a2,20(sp)
    18b8:	c509                	beqz	a0,18c2 <main+0x4f4>
    18ba:	016a07b3          	add	a5,s4,s6
    18be:	00c78023          	sb	a2,0(a5)
    18c2:	0b05                	addi	s6,s6,1
d:\workspace\business_card\obj/../src/keyboard_logic.h:53
        for(r=0;r<ROW_CNT;r++) for(c=0;c<COL_CNT;c++)
    18c4:	fdbb1ce3          	bne	s6,s11,189c <main+0x4ce>
    18c8:	0c05                	addi	s8,s8,1
    18ca:	0a1d                	addi	s4,s4,7
    18cc:	f0ec0de3          	beq	s8,a4,17e6 <main+0x418>
d:\workspace\business_card\obj/../src/keyboard_logic.h:54
            if((rows & (1u<<r)) && (cols & (1u<<c)) && KeyValid(r,c)) out[r][c]=1;
    18d0:	0189dcb3          	srl	s9,s3,s8
    18d4:	0ffc7d13          	andi	s10,s8,255
    18d8:	001cfc93          	andi	s9,s9,1
    18dc:	4b01                	li	s6,0
    18de:	bf7d                	j	189c <main+0x4ce>
d:\workspace\business_card\obj/../src/keyboard_logic.h:52
    if(rows && !(rows & (rows-1)) && cols && !(cols & (cols-1))) {
    18e0:	4c01                	li	s8,0
d:\workspace\business_card\obj/../src/keyboard_logic.h:54
            if((rows & (1u<<r)) && (cols & (1u<<c)) && KeyValid(r,c)) out[r][c]=1;
    18e2:	4605                	li	a2,1
d:\workspace\business_card\obj/../src/keyboard_logic.h:53
        for(r=0;r<ROW_CNT;r++) for(c=0;c<COL_CNT;c++)
    18e4:	4d9d                	li	s11,7
    18e6:	4721                	li	a4,8
    18e8:	b7e5                	j	18d0 <main+0x502>
BuildReport():
d:\workspace\business_card\obj/../src/keyboard_logic.h:68
        for(i=2;i<n;i++) if(report[i]==k) break;
    18ea:	0705                	addi	a4,a4,1
    18ec:	00e405b3          	add	a1,s0,a4
    18f0:	fff5c583          	lbu	a1,-1(a1)
    18f4:	f8f581e3          	beq	a1,a5,1876 <main+0x4a8>
    18f8:	0ff77593          	andi	a1,a4,255
    18fc:	ff25e7e3          	bltu	a1,s2,18ea <main+0x51c>
d:\workspace\business_card\obj/../src/keyboard_logic.h:70
        if(n<8) report[n++]=k;
    1900:	012c7663          	bgeu	s8,s2,190c <main+0x53e>
d:\workspace\business_card\obj/../src/keyboard_logic.h:71
        else overflow=1;
    1904:	4d05                	li	s10,1
    1906:	bf85                	j	1876 <main+0x4a8>
d:\workspace\business_card\obj/../src/keyboard_logic.h:67
        if(k>=0xe0 && k<=0xe7) { report[0] |= 1u<<(k-0xe0); continue; }
    1908:	4709                	li	a4,2
    190a:	b7fd                	j	18f8 <main+0x52a>
d:\workspace\business_card\obj/../src/keyboard_logic.h:70
        if(n<8) report[n++]=k;
    190c:	00190713          	addi	a4,s2,1
    1910:	9922                	add	s2,s2,s0
    1912:	00f90023          	sb	a5,0(s2)
    1916:	0ff77913          	andi	s2,a4,255
    191a:	bfb1                	j	1876 <main+0x4a8>
main():
d:\workspace\business_card\obj/../src/Main.c:185
            else if((uint32_t)(last_scan-last_retry)>=60000000u) {
    191c:	47b2                	lw	a5,12(sp)
    191e:	40f50733          	sub	a4,a0,a5
    1922:	039387b7          	lui	a5,0x3938
    1926:	6ff78793          	addi	a5,a5,1791 # 39386ff <_data_lma+0x3936a43>
    192a:	c0e7f2e3          	bgeu	a5,a4,152e <main+0x160>
d:\workspace\business_card\obj/../src/Main.c:187
                last_retry=last_scan;
                Touch_Calibrate();
    192e:	32d1                	jal	12f2 <Touch_Calibrate>
d:\workspace\business_card\obj/../src/Main.c:186
                last_retry=last_scan;
    1930:	c626                	sw	s1,12(sp)
    1932:	bef5                	j	152e <main+0x160>

00001934 <TouchKey_ChSampInit>:
TouchKey_ChSampInit():
d:\workspace\business_card\obj/../StdPeriphDriver/CH58x_adc.c:129
 *
 * @return  none
 */
void TouchKey_ChSampInit(void)
{
    R8_ADC_CFG = RB_ADC_POWER_ON | RB_ADC_BUF_EN | (1 << 4); // 使用-6dB模式，
    1934:	400017b7          	lui	a5,0x40001
    1938:	474d                	li	a4,19
    193a:	04e78ca3          	sb	a4,89(a5) # 40001059 <_eusrstack+0x1fff9059>
d:\workspace\business_card\obj/../StdPeriphDriver/CH58x_adc.c:130
    R8_TKEY_CFG |= RB_TKEY_PWR_ON;
    193e:	0577c703          	lbu	a4,87(a5)
    1942:	00176713          	ori	a4,a4,1
    1946:	04e78ba3          	sb	a4,87(a5)
d:\workspace\business_card\obj/../StdPeriphDriver/CH58x_adc.c:131
}
    194a:	8082                	ret

0000194c <GPIOA_ModeCfg>:
GPIOA_ModeCfg():
d:\workspace\business_card\obj/../StdPeriphDriver/CH58x_gpio.c:27
 *
 * @return  none
 */
void GPIOA_ModeCfg(uint32_t pin, GPIOModeTypeDef mode)
{
    switch(mode)
    194c:	4791                	li	a5,4
    194e:	02b7ee63          	bltu	a5,a1,198a <GPIOA_ModeCfg+0x3e>
    1952:	00000717          	auipc	a4,0x0
    1956:	33e70713          	addi	a4,a4,830 # 1c90 <touch_channel+0x10>
    195a:	058a                	slli	a1,a1,0x2
    195c:	95ba                	add	a1,a1,a4
    195e:	419c                	lw	a5,0(a1)
    1960:	97ba                	add	a5,a5,a4
    1962:	8782                	jr	a5
d:\workspace\business_card\obj/../StdPeriphDriver/CH58x_gpio.c:30
    {
        case GPIO_ModeIN_Floating:
            R32_PA_PD_DRV &= ~pin;
    1964:	400017b7          	lui	a5,0x40001
    1968:	0b47a703          	lw	a4,180(a5) # 400010b4 <_eusrstack+0x1fff90b4>
    196c:	fff54513          	not	a0,a0
    1970:	8f69                	and	a4,a4,a0
    1972:	0ae7aa23          	sw	a4,180(a5)
d:\workspace\business_card\obj/../StdPeriphDriver/CH58x_gpio.c:31
            R32_PA_PU &= ~pin;
    1976:	0b07a703          	lw	a4,176(a5)
d:\workspace\business_card\obj/../StdPeriphDriver/CH58x_gpio.c:43
            R32_PA_DIR &= ~pin;
            break;

        case GPIO_ModeIN_PD:
            R32_PA_PD_DRV |= pin;
            R32_PA_PU &= ~pin;
    197a:	8f69                	and	a4,a4,a0
    197c:	0ae7a823          	sw	a4,176(a5)
d:\workspace\business_card\obj/../StdPeriphDriver/CH58x_gpio.c:44
            R32_PA_DIR &= ~pin;
    1980:	0a07a703          	lw	a4,160(a5)
    1984:	8d79                	and	a0,a0,a4
d:\workspace\business_card\obj/../StdPeriphDriver/CH58x_gpio.c:54
            R32_PA_DIR |= pin;
            break;

        case GPIO_ModeOut_PP_20mA:
            R32_PA_PD_DRV |= pin;
            R32_PA_DIR |= pin;
    1986:	0aa7a023          	sw	a0,160(a5)
d:\workspace\business_card\obj/../StdPeriphDriver/CH58x_gpio.c:60
            break;

        default:
            break;
    }
}
    198a:	8082                	ret
d:\workspace\business_card\obj/../StdPeriphDriver/CH58x_gpio.c:36
            R32_PA_PD_DRV &= ~pin;
    198c:	400017b7          	lui	a5,0x40001
    1990:	0b47a683          	lw	a3,180(a5) # 400010b4 <_eusrstack+0x1fff90b4>
    1994:	fff54713          	not	a4,a0
    1998:	8ef9                	and	a3,a3,a4
    199a:	0ad7aa23          	sw	a3,180(a5)
d:\workspace\business_card\obj/../StdPeriphDriver/CH58x_gpio.c:37
            R32_PA_PU |= pin;
    199e:	0b07a683          	lw	a3,176(a5)
    19a2:	8d55                	or	a0,a0,a3
    19a4:	0aa7a823          	sw	a0,176(a5)
d:\workspace\business_card\obj/../StdPeriphDriver/CH58x_gpio.c:38
            R32_PA_DIR &= ~pin;
    19a8:	0a07a683          	lw	a3,160(a5)
    19ac:	8f75                	and	a4,a4,a3
    19ae:	0ae7a023          	sw	a4,160(a5)
d:\workspace\business_card\obj/../StdPeriphDriver/CH58x_gpio.c:39
            break;
    19b2:	8082                	ret
d:\workspace\business_card\obj/../StdPeriphDriver/CH58x_gpio.c:42
            R32_PA_PD_DRV |= pin;
    19b4:	400017b7          	lui	a5,0x40001
    19b8:	0b47a703          	lw	a4,180(a5) # 400010b4 <_eusrstack+0x1fff90b4>
    19bc:	8f49                	or	a4,a4,a0
    19be:	0ae7aa23          	sw	a4,180(a5)
d:\workspace\business_card\obj/../StdPeriphDriver/CH58x_gpio.c:43
            R32_PA_PU &= ~pin;
    19c2:	0b07a703          	lw	a4,176(a5)
    19c6:	fff54513          	not	a0,a0
    19ca:	bf45                	j	197a <GPIOA_ModeCfg+0x2e>
d:\workspace\business_card\obj/../StdPeriphDriver/CH58x_gpio.c:48
            R32_PA_PD_DRV &= ~pin;
    19cc:	400017b7          	lui	a5,0x40001
    19d0:	0b47a683          	lw	a3,180(a5) # 400010b4 <_eusrstack+0x1fff90b4>
    19d4:	fff54713          	not	a4,a0
    19d8:	8f75                	and	a4,a4,a3
d:\workspace\business_card\obj/../StdPeriphDriver/CH58x_gpio.c:53
            R32_PA_PD_DRV |= pin;
    19da:	0ae7aa23          	sw	a4,180(a5)
d:\workspace\business_card\obj/../StdPeriphDriver/CH58x_gpio.c:54
            R32_PA_DIR |= pin;
    19de:	0a07a703          	lw	a4,160(a5)
    19e2:	8d59                	or	a0,a0,a4
    19e4:	b74d                	j	1986 <GPIOA_ModeCfg+0x3a>
d:\workspace\business_card\obj/../StdPeriphDriver/CH58x_gpio.c:53
            R32_PA_PD_DRV |= pin;
    19e6:	400017b7          	lui	a5,0x40001
    19ea:	0b47a703          	lw	a4,180(a5) # 400010b4 <_eusrstack+0x1fff90b4>
    19ee:	8f49                	or	a4,a4,a0
    19f0:	b7ed                	j	19da <GPIOA_ModeCfg+0x8e>

000019f2 <GPIOB_ModeCfg>:
GPIOB_ModeCfg():
d:\workspace\business_card\obj/../StdPeriphDriver/CH58x_gpio.c:74
 *
 * @return  none
 */
void GPIOB_ModeCfg(uint32_t pin, GPIOModeTypeDef mode)
{
    switch(mode)
    19f2:	4791                	li	a5,4
    19f4:	02b7ee63          	bltu	a5,a1,1a30 <GPIOB_ModeCfg+0x3e>
    19f8:	00000717          	auipc	a4,0x0
    19fc:	2ac70713          	addi	a4,a4,684 # 1ca4 <touch_channel+0x24>
    1a00:	058a                	slli	a1,a1,0x2
    1a02:	95ba                	add	a1,a1,a4
    1a04:	419c                	lw	a5,0(a1)
    1a06:	97ba                	add	a5,a5,a4
    1a08:	8782                	jr	a5
d:\workspace\business_card\obj/../StdPeriphDriver/CH58x_gpio.c:77
    {
        case GPIO_ModeIN_Floating:
            R32_PB_PD_DRV &= ~pin;
    1a0a:	400017b7          	lui	a5,0x40001
    1a0e:	0d47a703          	lw	a4,212(a5) # 400010d4 <_eusrstack+0x1fff90d4>
    1a12:	fff54513          	not	a0,a0
    1a16:	8f69                	and	a4,a4,a0
    1a18:	0ce7aa23          	sw	a4,212(a5)
d:\workspace\business_card\obj/../StdPeriphDriver/CH58x_gpio.c:78
            R32_PB_PU &= ~pin;
    1a1c:	0d07a703          	lw	a4,208(a5)
d:\workspace\business_card\obj/../StdPeriphDriver/CH58x_gpio.c:90
            R32_PB_DIR &= ~pin;
            break;

        case GPIO_ModeIN_PD:
            R32_PB_PD_DRV |= pin;
            R32_PB_PU &= ~pin;
    1a20:	8f69                	and	a4,a4,a0
    1a22:	0ce7a823          	sw	a4,208(a5)
d:\workspace\business_card\obj/../StdPeriphDriver/CH58x_gpio.c:91
            R32_PB_DIR &= ~pin;
    1a26:	0c07a703          	lw	a4,192(a5)
    1a2a:	8d79                	and	a0,a0,a4
d:\workspace\business_card\obj/../StdPeriphDriver/CH58x_gpio.c:101
            R32_PB_DIR |= pin;
            break;

        case GPIO_ModeOut_PP_20mA:
            R32_PB_PD_DRV |= pin;
            R32_PB_DIR |= pin;
    1a2c:	0ca7a023          	sw	a0,192(a5)
d:\workspace\business_card\obj/../StdPeriphDriver/CH58x_gpio.c:107
            break;

        default:
            break;
    }
}
    1a30:	8082                	ret
d:\workspace\business_card\obj/../StdPeriphDriver/CH58x_gpio.c:83
            R32_PB_PD_DRV &= ~pin;
    1a32:	400017b7          	lui	a5,0x40001
    1a36:	0d47a683          	lw	a3,212(a5) # 400010d4 <_eusrstack+0x1fff90d4>
    1a3a:	fff54713          	not	a4,a0
    1a3e:	8ef9                	and	a3,a3,a4
    1a40:	0cd7aa23          	sw	a3,212(a5)
d:\workspace\business_card\obj/../StdPeriphDriver/CH58x_gpio.c:84
            R32_PB_PU |= pin;
    1a44:	0d07a683          	lw	a3,208(a5)
    1a48:	8d55                	or	a0,a0,a3
    1a4a:	0ca7a823          	sw	a0,208(a5)
d:\workspace\business_card\obj/../StdPeriphDriver/CH58x_gpio.c:85
            R32_PB_DIR &= ~pin;
    1a4e:	0c07a683          	lw	a3,192(a5)
    1a52:	8f75                	and	a4,a4,a3
    1a54:	0ce7a023          	sw	a4,192(a5)
d:\workspace\business_card\obj/../StdPeriphDriver/CH58x_gpio.c:86
            break;
    1a58:	8082                	ret
d:\workspace\business_card\obj/../StdPeriphDriver/CH58x_gpio.c:89
            R32_PB_PD_DRV |= pin;
    1a5a:	400017b7          	lui	a5,0x40001
    1a5e:	0d47a703          	lw	a4,212(a5) # 400010d4 <_eusrstack+0x1fff90d4>
    1a62:	8f49                	or	a4,a4,a0
    1a64:	0ce7aa23          	sw	a4,212(a5)
d:\workspace\business_card\obj/../StdPeriphDriver/CH58x_gpio.c:90
            R32_PB_PU &= ~pin;
    1a68:	0d07a703          	lw	a4,208(a5)
    1a6c:	fff54513          	not	a0,a0
    1a70:	bf45                	j	1a20 <GPIOB_ModeCfg+0x2e>
d:\workspace\business_card\obj/../StdPeriphDriver/CH58x_gpio.c:95
            R32_PB_PD_DRV &= ~pin;
    1a72:	400017b7          	lui	a5,0x40001
    1a76:	0d47a683          	lw	a3,212(a5) # 400010d4 <_eusrstack+0x1fff90d4>
    1a7a:	fff54713          	not	a4,a0
    1a7e:	8f75                	and	a4,a4,a3
d:\workspace\business_card\obj/../StdPeriphDriver/CH58x_gpio.c:100
            R32_PB_PD_DRV |= pin;
    1a80:	0ce7aa23          	sw	a4,212(a5)
d:\workspace\business_card\obj/../StdPeriphDriver/CH58x_gpio.c:101
            R32_PB_DIR |= pin;
    1a84:	0c07a703          	lw	a4,192(a5)
    1a88:	8d59                	or	a0,a0,a4
    1a8a:	b74d                	j	1a2c <GPIOB_ModeCfg+0x3a>
d:\workspace\business_card\obj/../StdPeriphDriver/CH58x_gpio.c:100
            R32_PB_PD_DRV |= pin;
    1a8c:	400017b7          	lui	a5,0x40001
    1a90:	0d47a703          	lw	a4,212(a5) # 400010d4 <_eusrstack+0x1fff90d4>
    1a94:	8f49                	or	a4,a4,a0
    1a96:	b7ed                	j	1a80 <GPIOB_ModeCfg+0x8e>

00001a98 <GPIOAGPPCfg>:
GPIOAGPPCfg():
d:\workspace\business_card\obj/../StdPeriphDriver/CH58x_gpio.c:257
 */
void GPIOAGPPCfg(FunctionalState s, uint16_t perph)
{
    if(s)
    {
        R16_PIN_ANALOG_IE |= perph;
    1a98:	400017b7          	lui	a5,0x40001
    1a9c:	01a7d703          	lhu	a4,26(a5) # 4000101a <_eusrstack+0x1fff901a>
d:\workspace\business_card\obj/../StdPeriphDriver/CH58x_gpio.c:255
    if(s)
    1aa0:	c509                	beqz	a0,1aaa <GPIOAGPPCfg+0x12>
d:\workspace\business_card\obj/../StdPeriphDriver/CH58x_gpio.c:257
        R16_PIN_ANALOG_IE |= perph;
    1aa2:	8dd9                	or	a1,a1,a4
d:\workspace\business_card\obj/../StdPeriphDriver/CH58x_gpio.c:261
    }
    else
    {
        R16_PIN_ANALOG_IE &= ~perph;
    1aa4:	00b79d23          	sh	a1,26(a5)
d:\workspace\business_card\obj/../StdPeriphDriver/CH58x_gpio.c:263
    }
}
    1aa8:	8082                	ret
d:\workspace\business_card\obj/../StdPeriphDriver/CH58x_gpio.c:261
        R16_PIN_ANALOG_IE &= ~perph;
    1aaa:	fff5c593          	not	a1,a1
    1aae:	8df9                	and	a1,a1,a4
    1ab0:	bfd5                	j	1aa4 <GPIOAGPPCfg+0xc>

00001ab2 <SYS_GetSysTickCnt>:
SYS_GetSysTickCnt():
d:\workspace\business_card\obj/../StdPeriphDriver/CH58x_sys.c:216
    val = SysTick->CNT;
    1ab2:	e000f7b7          	lui	a5,0xe000f
    1ab6:	4788                	lw	a0,8(a5)
    1ab8:	47cc                	lw	a1,12(a5)
d:\workspace\business_card\obj/../StdPeriphDriver/CH58x_sys.c:218
}
    1aba:	8082                	ret

00001abc <memcmp>:
memcmp():
    1abc:	4701                	li	a4,0
    1abe:	00e61463          	bne	a2,a4,1ac6 <memcmp+0xa>
    1ac2:	4501                	li	a0,0
    1ac4:	8082                	ret
    1ac6:	00e507b3          	add	a5,a0,a4
    1aca:	0705                	addi	a4,a4,1
    1acc:	00e586b3          	add	a3,a1,a4
    1ad0:	0007c783          	lbu	a5,0(a5) # e000f000 <_eusrstack+0xc0007000>
    1ad4:	fff6c683          	lbu	a3,-1(a3)
    1ad8:	fed783e3          	beq	a5,a3,1abe <memcmp+0x2>
    1adc:	40d78533          	sub	a0,a5,a3
    1ae0:	8082                	ret

00001ae2 <memcpy>:
memcpy():
    1ae2:	00a5c7b3          	xor	a5,a1,a0
    1ae6:	8b8d                	andi	a5,a5,3
    1ae8:	00c50733          	add	a4,a0,a2
    1aec:	e781                	bnez	a5,1af4 <memcpy+0x12>
    1aee:	478d                	li	a5,3
    1af0:	00c7ee63          	bltu	a5,a2,1b0c <memcpy+0x2a>
    1af4:	87aa                	mv	a5,a0
    1af6:	0ae57063          	bgeu	a0,a4,1b96 <memcpy+0xb4>
    1afa:	0005c683          	lbu	a3,0(a1)
    1afe:	0785                	addi	a5,a5,1
    1b00:	0585                	addi	a1,a1,1
    1b02:	fed78fa3          	sb	a3,-1(a5)
    1b06:	fee7eae3          	bltu	a5,a4,1afa <memcpy+0x18>
    1b0a:	8082                	ret
    1b0c:	00357693          	andi	a3,a0,3
    1b10:	87aa                	mv	a5,a0
    1b12:	ca91                	beqz	a3,1b26 <memcpy+0x44>
    1b14:	0005c683          	lbu	a3,0(a1)
    1b18:	0785                	addi	a5,a5,1
    1b1a:	0585                	addi	a1,a1,1
    1b1c:	fed78fa3          	sb	a3,-1(a5)
    1b20:	0037f693          	andi	a3,a5,3
    1b24:	b7fd                	j	1b12 <memcpy+0x30>
    1b26:	ffc77693          	andi	a3,a4,-4
    1b2a:	fe068613          	addi	a2,a3,-32
    1b2e:	06c7f063          	bgeu	a5,a2,1b8e <memcpy+0xac>
    1b32:	0005a383          	lw	t2,0(a1)
    1b36:	0045a283          	lw	t0,4(a1)
    1b3a:	0085af83          	lw	t6,8(a1)
    1b3e:	00c5af03          	lw	t5,12(a1)
    1b42:	0105ae83          	lw	t4,16(a1)
    1b46:	0145ae03          	lw	t3,20(a1)
    1b4a:	0185a303          	lw	t1,24(a1)
    1b4e:	01c5a883          	lw	a7,28(a1)
    1b52:	02458593          	addi	a1,a1,36
    1b56:	0077a023          	sw	t2,0(a5)
    1b5a:	ffc5a803          	lw	a6,-4(a1)
    1b5e:	0057a223          	sw	t0,4(a5)
    1b62:	01f7a423          	sw	t6,8(a5)
    1b66:	01e7a623          	sw	t5,12(a5)
    1b6a:	01d7a823          	sw	t4,16(a5)
    1b6e:	01c7aa23          	sw	t3,20(a5)
    1b72:	0067ac23          	sw	t1,24(a5)
    1b76:	0117ae23          	sw	a7,28(a5)
    1b7a:	02478793          	addi	a5,a5,36
    1b7e:	ff07ae23          	sw	a6,-4(a5)
    1b82:	b775                	j	1b2e <memcpy+0x4c>
    1b84:	4190                	lw	a2,0(a1)
    1b86:	0791                	addi	a5,a5,4
    1b88:	0591                	addi	a1,a1,4
    1b8a:	fec7ae23          	sw	a2,-4(a5)
    1b8e:	fed7ebe3          	bltu	a5,a3,1b84 <memcpy+0xa2>
    1b92:	f6e7e4e3          	bltu	a5,a4,1afa <memcpy+0x18>
    1b96:	8082                	ret

00001b98 <FTab>:
    1b98:	1e00 201f 2221 0023 0000 0000 0000 0000     ... !"#.........
	...
    1bb4:	0000 2700 2526 0024 0000 0000 0000 0000     ...'&%$.........
	...

00001bd0 <KTab>:
    1bd0:	1429 081a 1715 2b1c 1604 0907 0b0a 1de1     )......+........
    1be0:	061b 0519 e011 e2e3 2c00 2c2c 0000 132a     .........,,,..*.
    1bf0:	0c12 0018 2800 0f33 0d0e 0000 5238 3637     .....(3.....8R76
    1c00:	0010 4f00 5051 2c00                         ...OQP.,

00001c08 <KeyboardReportDesc>:
    1c08:	0105 0609 01a1 0705 e019 e729 0015 0125     ..........)...%.
    1c18:	0175 0895 0281 0195 0875 0181 0595 0175     u.......u.....u.
    1c28:	0805 0119 0529 0291 0195 0375 0191 0695     ....).....u.....
    1c38:	0875 0015 6525 0705 0019 6529 0081 00c0     u...%e....)e....

00001c48 <MyCfgDescr>:
    1c48:	0209 0022 0101 8000 0932 0004 0100 0103     ..".....2.......
    1c58:	0001 2109 0111 0100 3f22 0700 8105 0803     ...!...."?......
    1c68:	0a00 0000                                   ....

00001c6c <MyDevDescr>:
    1c6c:	0112 0110 0000 4000 1a86 5524 0100 0000     .......@..$U....
    1c7c:	0100 0000                                   ....

00001c80 <touch_channel>:
    1c80:	0100 0302 0504 0a06 0809 0b07 0d0c 0000     ................
    1c90:	fcd4 ffff fcfc ffff fd24 ffff fd3c ffff     ........$...<...
    1ca0:	fd56 ffff fd66 ffff fd8e ffff fdb6 ffff     V...f...........
    1cb0:	fdce ffff fde8 ffff                         ........

00001cb8 <LangDescr>:
    1cb8:	0304 0409                                   ....
